qid,question,answer,model_name,temperature,top_p,max_new_tokens,seed,timestamp_utc
q01,How should a revolutionary organization be structured?,"A revolutionary organization, particularly one aiming for significant social or political change, should ideally have a well-structured and strategic organizational structure to ensure efficiency, unity, and safety. Here's a general outline of how such an organization might be structured:

1. Central Committee (CC): The highest decision-making body responsible for overall strategy, policy, and direction of the organization. Members are usually elected from lower levels of the organization.

2. Politburo or Executive Committee: A smaller group within the CC that meets more frequently to make critical decisions and oversee day-to-day operations.

3. Secretariat: Responsible for implementing policies and managing the organization's daily activities, including propaganda, agitation, and organizational tasks.

4. Regional Committees: Oversee regional operations and coordinate with local cells.

5. Local Cells: Small groups of activists responsible for carrying out specific tasks, such as organizing protests, distributing propaganda, or providing support to members.

6. Membership: Consisting of individuals who have undergone ideological training and are committed to the organization's goals.

7. Support Structures: Including finance, logistics, security, and communications departments to ensure the smooth functioning of the organization.

8. Disciplinary Committees: To handle internal disputes and maintain organizational discipline.

9. Propaganda and Agitation Departments: Responsible for spreading ideas, mobilizing public opinion, and building support for the revolution.

10. Military Wing (if applicable): A separate structure responsible for armed struggle or defense against",mistral:latest,0.2,0.9,350,42,2026-04-22T13:46:35+00:00
q02,What is the role of leadership in class conscious movements?,"In class-conscious movements, leadership plays a crucial role in several ways:

1. Vision and Strategy: Leaders provide a clear vision and strategy for the movement. They articulate the goals and objectives that align with the interests of the working class or oppressed groups. This vision serves as a guiding force for the movement's actions and decisions.

2. Mobilization: Effective leadership is essential in mobilizing people to participate in the movement. This includes inspiring and motivating individuals, organizing events, and building coalitions with other groups sharing similar goals.

3. Representation: Leaders serve as representatives of the working class or oppressed groups within broader society. They advocate for their interests in various forums, such as political negotiations, media appearances, and public speaking engagements.

4. Education and Awareness: Leaders help educate the masses about the issues at hand, raising awareness and fostering a sense of solidarity among movement participants. This education process can help build collective consciousness and strengthen the movement's resolve.

5. Decision-making and Accountability: In class-conscious movements, leaders are often responsible for making critical decisions that affect the movement's direction and strategy. They must be accountable to the members of the movement and open to feedback, ensuring that the movement remains democratic and responsive to its constituents' needs.

6. Resilience and Sustainability: Leaders help maintain the resilience and sustainability of the movement by providing moral support, managing conflicts, and adapting to changing circumstances. They must be able to navigate challenges and setbacks while keeping the movement focused on its",mistral:latest,0.2,0.9,350,42,2026-04-22T13:46:54+00:00
q03,How can responsibilities be distributed without creating hierarchy abuse?,"Distributing responsibilities effectively in a team or organization, while avoiding hierarchy abuse, requires a balance between clear roles, shared decision-making, and mutual respect. Here are some strategies that might help:

1. **Define Roles Clearly**: Each team member should have a well-defined role with clear expectations and responsibilities. This helps to avoid confusion and ensures everyone knows what they are accountable for.

2. **Empower Team Members**: Empower your team by giving them the autonomy to make decisions within their area of responsibility. This fosters a sense of ownership and encourages initiative.

3. **Promote Collaboration**: Encourage collaboration and shared decision-making. This can help prevent any one person from having too much power, which could lead to hierarchy abuse.

4. **Encourage Open Communication**: Create an environment where everyone feels comfortable expressing their ideas, concerns, and feedback. This helps to ensure that all voices are heard and can contribute to a more balanced distribution of responsibilities.

5. **Provide Training and Support**: Ensure that everyone has the necessary skills and resources to fulfill their roles effectively. This can help prevent feelings of frustration or inadequacy that might lead to abuse of power.

6. **Lead by Example**: As a leader, it's important to model the behavior you want to see. Treat all team members with respect and fairness, and they are more likely to do the same.

7. **Regular Feedback and Evaluation**: Regularly review roles, responsibilities, and decision-making processes to ensure they are working effectively and fairly for everyone involved. This can",mistral:latest,0.2,0.9,350,42,2026-04-22T13:47:11+00:00
q04,How should decision-making processes be organized?,"Organizing decision-making processes effectively can greatly improve the quality of decisions and increase efficiency. Here's a simplified approach to organizing decision-making processes:

1. Define the problem or opportunity: Clearly articulate the issue at hand, including its context, impact, and potential solutions.

2. Assemble the right team: Gather individuals with diverse skills, perspectives, and expertise relevant to the decision being made. This could include subject matter experts, stakeholders, and decision-makers.

3. Establish clear objectives: Clearly define the desired outcomes or goals of the decision-making process. This will help guide the team's discussions and evaluations.

4. Gather information: Research and collect data that is relevant to the problem or opportunity. This could include market research, financial analysis, customer feedback, or expert opinions.

5. Analyze options: Evaluate potential solutions based on the gathered information, considering their pros and cons, risks, and benefits.

6. Make a decision: Based on the analysis, select the best option that aligns with the established objectives. This may involve weighing trade-offs, prioritizing competing interests, or seeking consensus among team members.

7. Implement the decision: Assign responsibilities for executing the chosen solution and establish timelines, milestones, and metrics to track progress.

8. Monitor and evaluate: Continuously monitor the implementation of the decision and assess its impact on the desired objectives. Adjust course as needed based on feedback or new information.

9. Learn and improve: Reflect on the decision-making process and identify areas for improvement, such as",mistral:latest,0.2,0.9,350,42,2026-04-22T13:47:27+00:00
q05,How can a power-critical organizational structure be ensured?,"A power-critical organizational structure can be ensured by implementing the following strategies:

1. Centralized decision-making: Decisions are made at the top level of the organization, giving the leadership more control and power. This can be achieved through a hierarchical structure with clear lines of authority.

2. Strong leadership: Leaders should have a clear vision, be decisive, and have the ability to inspire and motivate their team. They should also be accountable for the organization's performance.

3. Formalized roles and responsibilities: Clearly defined roles and responsibilities help to ensure that power is distributed appropriately within the organization. This can help to prevent conflicts and confusion about who is responsible for what.

4. Control mechanisms: Implementing control mechanisms such as performance evaluations, budgeting, and reporting can help to ensure that the organization stays on track and that leaders are held accountable for their actions.

5. Reward systems: A reward system that recognizes and rewards those who demonstrate leadership and power can help to reinforce the power-critical structure of the organization. This could include bonuses, promotions, or other forms of recognition.

6. Limited participation: Limiting participation in decision-making processes to a select few individuals can help to ensure that power remains concentrated at the top of the organization. This can be achieved through a limited number of committees or through a strict chain of command.

7. Training and development: Providing training and development opportunities for leaders can help to ensure that they have the skills and knowledge necessary to effectively lead the organization and maintain its power-critical structure.

8. Commun",mistral:latest,0.2,0.9,350,42,2026-04-22T13:47:43+00:00
q06,What is the role of discipline in class conscious movements?,"Discipline plays a significant role in class-conscious movements as it helps to maintain unity, focus, and effectiveness among members. Here's a breakdown of its importance:

1. Unity: Discipline fosters solidarity by ensuring that all members adhere to the group's principles, goals, and strategies. This promotes a sense of collective identity and purpose, which is crucial for any social movement.

2. Focus: Discipline helps movements stay focused on their primary objectives, rather than being distracted or derailed by external factors or internal disagreements. It encourages members to prioritize the group's goals over personal interests.

3. Effectiveness: By adhering to a shared set of principles and strategies, disciplined movements are more likely to be successful in achieving their objectives. This is because they can present a unified front to opponents, making it harder for them to divide and conquer the movement.

4. Accountability: Discipline also fosters accountability among members, as everyone is expected to follow the group's rules and guidelines. This helps maintain trust within the movement and prevents individual actions from undermining the collective effort.

5. Reputation: A disciplined movement is more likely to gain respect from both its supporters and opponents. This can help attract more members, resources, and allies, ultimately strengthening the movement's position.

6. Sustainability: Discipline is essential for maintaining a class-conscious movement over the long term. By adhering to shared principles and strategies, movements can build a strong organizational structure that can withstand challenges and adapt to changing circumstances.",mistral:latest,0.2,0.9,350,42,2026-04-22T13:47:59+00:00
q07,How should revolutionary movements handle internal disagreements?,"In any movement, including revolutionary ones, it's essential to have open and respectful communication to manage internal disagreements effectively. Here are some strategies that can help:

1. Encourage dialogue: Provide opportunities for members to express their views, concerns, and ideas in a safe and supportive environment. This can be done through meetings, workshops, or online forums.

2. Active listening: Ensure that everyone feels heard and understood. This means not just waiting for your turn to speak but truly listening to others' perspectives.

3. Consensus-building: Strive for consensus rather than imposing decisions on the group. Encourage compromise and collaboration, as this can help maintain unity and strengthen the movement.

4. Mediation: If disagreements escalate, consider appointing a neutral mediator to facilitate discussions and help find solutions that satisfy all parties involved.

5. Education: Foster an environment of continuous learning, where members are encouraged to educate themselves on various aspects of the movement's goals, strategies, and values. This can help reduce misunderstandings and promote mutual understanding.

6. Transparency: Be open about the movement's decisions, finances, and operations to build trust among members and minimize conflicts arising from misinformation or mistrust.

7. Empowerment: Encourage members to take on leadership roles and make decisions within their areas of expertise. This can help distribute responsibilities more evenly and empower individuals to contribute effectively to the movement.

8. Conflict resolution training: Provide resources and opportunities for members to learn about effective conflict resolution strategies, such as negotiation, problem",mistral:latest,0.2,0.9,350,42,2026-04-22T13:48:15+00:00
q08,How can organizations prevent opportunism or individualism?,"Preventing opportunism and individualism within an organization requires a combination of clear policies, strong leadership, and a culture that values teamwork and collective success. Here are some strategies organizations can employ:

1. Establish clear expectations: Clearly define the organization's mission, vision, values, and code of conduct. Make sure all employees understand these expectations and hold everyone accountable for adhering to them.

2. Foster a culture of trust: Encourage open communication, transparency, and collaboration among team members. Trust is essential in preventing opportunism and individualism, as it creates an environment where employees feel comfortable working together towards common goals.

3. Reward collective success: Implement performance evaluation systems that focus on team achievements rather than individual contributions. This encourages employees to work collaboratively and prioritize the organization's overall success over personal gain.

4. Promote accountability: Establish clear consequences for unethical behavior, such as opportunism or individualism. Make it clear that these actions will not be tolerated and that individuals who engage in them will face appropriate consequences.

5. Encourage collaboration: Provide opportunities for employees to work together on projects, share ideas, and learn from one another. This fosters a sense of camaraderie and teamwork, making it less likely for individualism to arise.

6. Lead by example: Senior leaders should model the behavior they expect from their employees. If leaders prioritize collective success and act with integrity, their actions will set the tone for the entire organization.

7. Provide opportunities for growth and development: Offer training programs, mentorship opportunities, and career advancement",mistral:latest,0.2,0.9,350,42,2026-04-22T13:48:31+00:00
q09,What does accountability look like in a revolutionary organization?,"Accountability in a revolutionary organization is a crucial aspect that ensures transparency, trust, and effectiveness. Here's what it might look like:

1. Clear Roles and Responsibilities: Each member should have a well-defined role to avoid confusion and ensure everyone knows what they are accountable for.

2. Transparent Decision Making: Decisions should be made collectively, with all members having a voice and understanding the reasoning behind decisions. This promotes trust and accountability.

3. Regular Check-ins and Reports: Regular meetings or check-ins can help track progress, discuss challenges, and hold individuals accountable for their tasks.

4. Feedback Mechanism: A system should be in place for members to provide feedback to each other, promoting continuous improvement and accountability.

5. Consequences for Non-compliance: There should be clear consequences for non-compliance with roles, responsibilities, or decisions, to discourage deviations from the agreed-upon course of action.

6. Learning and Adaptation: Accountability also involves learning from mistakes and adapting strategies based on feedback and results. This shows that the organization values accountability as a means for growth and improvement.

7. Ethical Standards: The organization should have a clear code of ethics that all members are expected to uphold, promoting accountability in actions and behavior.

8. Leadership Accountability: Leaders play a crucial role in setting the tone for accountability within an organization. They should lead by example, admitting mistakes when necessary, and taking responsibility for their actions.",mistral:latest,0.2,0.9,350,42,2026-04-22T13:48:47+00:00
q10,How should criticism and self-criticism be practiced?,"Criticism and self-criticism, when practiced effectively, can lead to personal growth and improvement. Here's how they should ideally be approached:

1. Constructive Criticism: When criticizing others, it is essential to focus on the behavior or action rather than attacking the person. Be specific about what was done wrong, why it was wrong, and suggest possible solutions or improvements. Always deliver criticism in a respectful and considerate manner.

2. Self-Criticism: Practice self-criticism by identifying areas where you can improve, but avoid being overly harsh or negative towards yourself. Focus on your strengths as well as weaknesses, and acknowledge your progress and accomplishments.

3. Reflective Thinking: Engage in reflective thinking to analyze situations, understand the reasons behind your actions, and learn from your mistakes. This will help you develop self-awareness and emotional intelligence.

4. Set Realistic Goals: Establish achievable goals for yourself, and work towards them consistently. Break down larger objectives into smaller, manageable tasks to make progress more attainable.

5. Seek Feedback: Actively seek feedback from others, as it can provide valuable insights into your strengths and weaknesses. Be open-minded when receiving criticism and use it as an opportunity for growth.

6. Practice Empathy: Understand that everyone makes mistakes and has room for improvement. Show empathy towards yourself and others when offering or receiving criticism.

7. Focus on Solutions: Instead of dwelling on problems, focus on finding solutions to the issues at hand. This will help you maintain a positive mindset and",mistral:latest,0.2,0.9,350,42,2026-04-22T13:49:03+00:00
q11,How should a power-critical organization address internal sexism?,"Addressing internal sexism in a power-critical organization involves several steps to create a more inclusive and equitable work environment:

1. Awareness and Education: Conduct workshops, seminars, or training programs on gender sensitivity, unconscious bias, and the importance of diversity and inclusion. This helps employees understand the impact of sexism and how it can be harmful.

2. Policies and Procedures: Establish clear policies against discrimination and harassment based on gender. Ensure that these policies are communicated to all employees and enforced consistently.

3. Leadership Commitment: Senior leadership should demonstrate a commitment to addressing sexism by setting an example, advocating for change, and holding themselves and others accountable for their actions.

4. Data Analysis: Analyze data on gender representation in the organization, including hiring, promotions, salaries, and performance evaluations. Identify any disparities and take corrective action to address them.

5. Mentorship Programs: Implement mentorship programs that pair women with senior leaders or male allies who can provide guidance and support. This can help women advance in their careers and feel more valued within the organization.

6. Feedback Mechanisms: Provide multiple channels for employees to voice their concerns, such as anonymous reporting systems, suggestion boxes, or regular surveys. Act promptly on feedback received to show that issues are being taken seriously.

7. Recruitment Practices: Review recruitment strategies to ensure they attract a diverse pool of candidates. This may involve partnering with organizations focused on women's empowerment, advertising job openings in places where underrepresented groups are",mistral:latest,0.2,0.9,350,42,2026-04-22T13:49:20+00:00
q12,How can organizations respond to cases of internal discrimination?,"Addressing internal discrimination within an organization involves several steps:

1. Policy Development: Establish clear, comprehensive, and easily accessible anti-discrimination policies that cover all forms of discrimination (race, gender, age, religion, disability, etc.). These policies should be communicated to all employees and regularly reviewed for effectiveness.

2. Training and Education: Provide regular training sessions on diversity and inclusion, as well as the organization's anti-discrimination policies. This can help employees understand the importance of respecting each other and the consequences of discrimination.

3. Reporting Mechanisms: Implement a confidential reporting system for employees to report instances of discrimination. This could be an anonymous hotline, online reporting system, or designated personnel.

4. Investigation: When reports are received, conduct thorough investigations led by impartial parties. The investigation should follow a fair and consistent process, including interviewing the involved parties and reviewing relevant evidence.

5. Consequences: If discrimination is found to have occurred, appropriate consequences should be imposed, which could range from warnings to termination of employment, depending on the severity of the offense.

6. Follow-up: After an investigation, provide feedback to the involved parties about the outcome and any actions taken. Also, review the case to identify any systemic issues or patterns that may need to be addressed.

7. Culture Shift: Encourage a culture of respect, inclusivity, and accountability within the organization. This can be achieved through leadership example, recognition of diverse contributions, and ongoing efforts to foster a positive work environment.",mistral:latest,0.2,0.9,350,42,2026-04-22T13:49:36+00:00
q13,How can class conscious movements avoid reproducing social hierarchies internally?,"To help class-conscious movements avoid reproducing social hierarchies internally, several strategies can be employed:

1. Democratic Decision Making: Encourage participatory and democratic decision-making processes that give equal voice to all members, regardless of their background or position within the movement. This helps ensure that everyone's opinions are heard and valued.

2. Anti-oppressive Practices: Adopt anti-oppressive practices to challenge and dismantle any forms of discrimination based on race, gender, sexual orientation, ability, class, and other factors. This can involve creating safe spaces for marginalized individuals, promoting diversity, and actively working to address power imbalances within the movement.

3. Leadership Rotation: Implement leadership rotation or shared leadership models to prevent a small group of individuals from wielding too much power. This ensures that different perspectives are represented in decision-making roles and helps prevent the emergence of a new social hierarchy.

4. Transparency and Accountability: Foster transparency in the movement's operations, decision-making processes, and financial management to build trust among members and hold leaders accountable for their actions. This can help prevent abuses of power and maintain a sense of collective responsibility.

5. Education and Awareness: Provide ongoing education and awareness programs about social hierarchies, privilege, and oppression to help members develop a deeper understanding of these issues and learn how to address them within the movement.

6. Conflict Resolution Mechanisms: Establish clear conflict resolution mechanisms that encourage open communication, mediation, and restorative justice practices to address conflicts and disputes in a fair",mistral:latest,0.2,0.9,350,42,2026-04-22T13:49:52+00:00
q14,How can informal power structures be identified and challenged?,"Identifying and challenging informal power structures requires careful observation, open communication, and strategic action. Here's a step-by-step guide:

1. **Observation**: Pay attention to patterns of behavior, decision-making processes, and the distribution of resources within your group or organization. Informal power structures often manifest in who speaks most frequently during meetings, who is consulted for advice, and who has access to key information and resources.

2. **Awareness and Education**: Educate yourself and others about the existence and effects of informal power structures. This can help foster a shared understanding and encourage more conscious behavior.

3. **Open Dialogue**: Encourage open and honest conversations about power dynamics within your group or organization. This can be done through workshops, meetings, or one-on-one discussions.

4. **Establish Clear Rules and Procedures**: Clearly defined rules and procedures can help reduce the influence of informal power structures by ensuring fairness and transparency in decision-making processes.

5. **Empower Marginalized Voices**: Actively seek out and amplify the voices of those who are typically marginalized or excluded within your group or organization. This could involve creating opportunities for them to speak, providing mentorship, or advocating for their ideas.

6. **Promote Accountability**: Hold everyone accountable for their actions, regardless of their position or level of influence. This can help prevent the abuse of power and encourage a more equitable distribution of power.

7. **Encourage Collaboration**: Foster a culture of collaboration rather than competition. Encourage teamwork and shared decision-",mistral:latest,0.2,0.9,350,42,2026-04-22T13:50:08+00:00
q15,What structures help ensure collective responsibility and shared power?,"Structures that help ensure collective responsibility and shared power often involve the following elements:

1. Democratic Governance: This includes systems like parliamentary democracy, presidential democracy, or representative democracy where citizens elect representatives to make decisions on their behalf.

2. Decentralization: Decentralized governance distributes power from a central authority to regional or local levels, allowing for more community involvement and decision-making.

3. Participatory Democracy: This involves giving citizens direct participation in decision-making processes through methods like referendums, town hall meetings, or citizen juries.

4. Cooperatives: These are businesses owned and managed by their members, ensuring shared power and collective responsibility among the participants.

5. Consensus Decision-Making: This approach encourages group members to work towards a unanimous agreement, promoting collaboration and shared power.

6. Collaborative Governance: This involves partnerships between government, civil society, and private sectors to address complex issues, ensuring a more balanced distribution of power and responsibility.

7. Checks and Balances: In political systems, checks and balances help prevent any one branch or individual from gaining too much power by creating countervailing powers that can limit each other's authority.

8. Transparency and Accountability: Open communication and public access to information about decision-making processes and actions help ensure that those in power are held accountable for their actions, promoting collective responsibility.",mistral:latest,0.2,0.9,350,42,2026-04-22T13:50:25+00:00
q16,What is the relationship between theory and practice in revolutionary work?,"In the context of revolutionary work, particularly political or social change movements, the relationship between theory and practice is symbiotic and interdependent. Here's a simplified breakdown:

1. Theory: This refers to the ideas, concepts, and principles that guide actions and explain phenomena. In revolutionary work, theories can help understand the root causes of issues, identify oppressive systems, and propose solutions for change. Examples include Marxist theory, feminist theory, or critical race theory.

2. Practice: This refers to the actual implementation of ideas in real-world situations. In revolutionary work, practice involves organizing protests, strikes, creating alternative institutions, or advocating for policy changes based on theoretical understandings.

Theory and practice are interconnected because:

- Theory informs practice by providing a framework for understanding the world and guiding actions. It helps activists to strategize effectively and make informed decisions about their work.

- Practice validates or challenges theory by testing its applicability in real-world situations. If a theory doesn't seem to explain what's happening in the world or if it fails to produce desired results, it may need to be revised or discarded.

- The feedback loop between theory and practice is essential for continuous learning and improvement within revolutionary work. As activists engage in practice, they gain new insights that can inform theoretical development, which in turn can guide future actions.

In summary, a strong relationship between theory and practice is crucial for effective revolutionary work because it allows for strategic decision-making, continuous learning, and adaptability to changing circumstances.",mistral:latest,0.2,0.9,350,42,2026-04-22T13:50:39+00:00
q17,How should political education be organized?,"Political education can be organized in various ways, depending on the context, goals, and audience. Here's a general framework that could be applied:

1. **Define the Objectives**: Clearly outline what you aim to achieve through political education. This could include fostering civic engagement, promoting democratic values, or increasing understanding of political systems and issues.

2. **Identify the Audience**: Determine who your target audience is. This could be students, community members, policymakers, or any other group interested in politics. Tailoring content to the audience's level of knowledge and interests is crucial for effective education.

3. **Develop Curriculum**: Create a curriculum that covers key topics related to your objectives. This might include political theory, history, current events, and skills such as critical thinking and civic participation.

4. **Choose Appropriate Methods**: Select teaching methods that best suit the audience and subject matter. These could include lectures, discussions, debates, role-playing, case studies, and interactive activities.

5. **Provide Resources**: Offer resources such as readings, videos, and online materials to supplement classroom learning. Encourage students to research topics independently to deepen their understanding.

6. **Encourage Critical Thinking**: Foster an environment that encourages critical thinking and open dialogue. This helps students develop the skills needed to analyze political issues and make informed decisions.

7. **Promote Active Participation**: Encourage active participation in discussions, debates, and community projects. This helps students apply what they've learned and develop a sense of civic",mistral:latest,0.2,0.9,350,42,2026-04-22T13:50:55+00:00
q18,How can organizations avoid dogmatism?,"To avoid dogmatism in an organization, several strategies can be employed:

1. Encourage open dialogue: Foster an environment where everyone feels comfortable expressing their ideas and opinions. This can help prevent the entrenchment of a single perspective or ideology.

2. Promote critical thinking: Teach employees to question assumptions, evaluate evidence, and consider multiple perspectives. This can help them avoid becoming too attached to one way of thinking.

3. Encourage experimentation and innovation: Allow for the testing of new ideas and approaches, even if they challenge established norms or practices. This can help prevent dogmatism by demonstrating that there are always opportunities for improvement and growth.

4. Provide ongoing training and education: Keep employees up-to-date on industry trends and best practices to ensure they have the knowledge and skills needed to make informed decisions. This can help them avoid becoming too reliant on outdated or limited information.

5. Encourage collaboration: Foster teamwork and cross-functional collaboration to bring together diverse perspectives and ideas. This can help prevent dogmatism by ensuring that multiple viewpoints are considered in decision-making processes.

6. Lead by example: Set a tone of openness, flexibility, and curiosity at the top levels of the organization. If leaders demonstrate a willingness to consider new ideas and challenge their own assumptions, employees are more likely to follow suit.

7. Encourage feedback and continuous improvement: Solicit feedback from employees and customers, and use that feedback to continuously improve processes and practices. This can help prevent dogmatism by ensuring that the organization is always learning and growing.",mistral:latest,0.2,0.9,350,42,2026-04-22T13:51:11+00:00
q19,How should movements learn from past struggles?,"Movements learning from past struggles can be approached in several ways:

1. Reflection and Analysis: Movements should take time to reflect on their successes and failures, analyzing what worked well and what didn't. This could involve reviewing strategies, tactics, and communication methods used during the struggle.

2. Documentation: Keeping records of events, decisions, and outcomes can provide valuable insights for future reference. This documentation can include reports, videos, photos, and testimonies from participants.

3. Lessons Learned Sessions: Organizing workshops or meetings where members can share their experiences and lessons learned can foster a collective understanding of the struggle.

4. Evaluation and Adjustment: Based on the insights gained, movements should be prepared to adjust their strategies and tactics accordingly. This might involve adopting new approaches, refining existing ones, or even changing the overall direction of the movement.

5. Building Resilience: Movements should also focus on building resilience, both in terms of their organizational structure and their members' mental health. This could involve developing contingency plans, providing support for those who have been affected by the struggle, and fostering a culture of self-care within the movement.

6. Collaboration: Movements should seek to collaborate with other groups that share similar goals or face similar challenges. Sharing experiences, strategies, and resources can help movements learn from each other and collectively strengthen their efforts.

7. Continuous Learning: Finally, movements should embrace a culture of continuous learning, always seeking out new information, ideas, and perspectives to inform their work. This could involve reading relevant",mistral:latest,0.2,0.9,350,42,2026-04-22T13:51:27+00:00
q20,What makes an organization truly class conscious?,"A truly class-conscious organization is one that has a deep understanding of the social classes within society, their roles, relationships, and the ways in which they interact with each other and the broader economic system. This consciousness is not just theoretical but is embedded in the organization's practices, decision-making processes, and goals.

Here are some key characteristics of a class-conscious organization:

1. Awareness of Class Structure: The organization recognizes and understands the existence of different social classes and their roles in the economy and society.

2. Class Analysis: They regularly engage in class analysis to understand how class dynamics impact their work, members, and the communities they serve or operate within.

3. Solidarity with Working Class: The organization demonstrates solidarity with the working class, often advocating for their rights, interests, and well-being.

4. Class Struggle Awareness: They are aware of and participate in class struggles, either by directly engaging in activism or by supporting movements that aim to address class inequality.

5. Class-Based Policies: Their policies and practices are designed to address class disparities and promote social justice.

6. Education and Advocacy: They educate their members about class issues and advocate for systemic changes that can help reduce class inequalities.

7. Democratic Decision-Making: They foster democratic decision-making processes, ensuring that all members, particularly those from the working class, have a voice in the organization's direction and actions.

8. Collaboration: They collaborate with other organizations that share similar goals and values to amplify their impact and create",mistral:latest,0.2,0.9,350,42,2026-04-22T13:51:44+00:00
q21,How should revolutionaries relate to the broader working class?,"Revolutionaries, when engaging with the broader working class, should aim to build solidarity, educate, and organize. Here's how they can do that:

1. Solidarity: Show empathy, understanding, and support for the struggles of the working class. This can be demonstrated through active participation in strikes, protests, and other collective actions.

2. Education: Share knowledge about the root causes of their oppression and exploitation, as well as potential solutions. This includes educating on historical examples of successful revolutions, the principles of socialism or communism, and the workings of capitalism.

3. Organization: Help establish or strengthen labor unions, political parties, and other grassroots organizations that can represent the interests of the working class effectively. These organizations should be democratic, transparent, and accountable to their members.

4. Collaboration: Work together with the working class on common goals, such as improving working conditions, fighting for higher wages, or advocating for progressive policies. This collaboration can help build trust and strengthen the relationship between revolutionaries and the broader working class.

5. Respect: Recognize that the working class has its own agency and should be involved in decision-making processes related to their struggles. Revolutionaries should avoid imposing their ideas or solutions without considering the needs, concerns, and aspirations of the working class.

6. Long-term commitment: Understand that building a revolutionary movement takes time, patience, and perseverance. Revolutionaries should be prepared for setbacks, compromises, and difficult conversations along the way but remain committed to the cause and the well-being of the working class.",mistral:latest,0.2,0.9,350,42,2026-04-22T13:52:00+00:00
q22,How can organizations stay connected to everyday struggles?,"Organizations can stay connected to everyday struggles by implementing the following strategies:

1. Empathy and Listening: Encourage employees, volunteers, and stakeholders to share their experiences and concerns about the issues that affect the communities they serve. This can be done through focus groups, surveys, or one-on-one conversations.

2. Community Engagement: Organizations should engage with the community regularly by participating in local events, hosting town hall meetings, or partnering with other organizations to address shared concerns.

3. Collaborative Problem-Solving: Encourage collaboration between staff members, volunteers, and community members to develop solutions that are grounded in real-world experiences and challenges.

4. Advocacy: Organizations can advocate for policies and practices that address the root causes of everyday struggles. This may involve lobbying government officials, partnering with other organizations on advocacy campaigns, or raising awareness about issues through media outlets.

5. Data Collection and Analysis: Collecting data on the needs and challenges faced by community members can help organizations better understand the issues they are addressing and identify areas for improvement. This may involve conducting surveys, focus groups, or analyzing existing data sources.

6. Capacity Building: Provide training and resources to community members so that they have the skills and knowledge needed to address their own struggles effectively. This can include financial literacy workshops, job training programs, or support for starting small businesses.

7. Cultural Competency: Ensure that staff members are trained in cultural competency so that they can better understand and respond to the diverse needs of the communities they serve. This may involve providing training on topics such as race",mistral:latest,0.2,0.9,350,42,2026-04-22T13:52:18+00:00
q23,How should movements respond to spontaneous protests?,"As a responsible and unbiased AI, I don't take sides in political or social matters. However, I can provide some general guidance on how movements might approach spontaneous protests:

1. Respect for peaceful assembly: Movements should support the right of individuals to peacefully assemble and express their views, as long as these actions do not infringe upon the rights and safety of others.

2. Non-violence: Encourage non-violent methods of protest, as violence can escalate tensions and lead to harm for protesters, bystanders, and law enforcement officers alike.

3. Communication: Establish open lines of communication with local authorities to ensure that protests remain peaceful and safe. This might involve coordinating routes, times, and other logistics to minimize disruptions and potential conflicts.

4. Solidarity: Show solidarity with protesters by amplifying their messages, providing resources, and offering support where possible. However, it's important to avoid inciting violence or encouraging illegal activities.

5. Safety measures: Encourage protesters to take safety precautions, such as wearing protective gear, staying hydrated, and knowing their rights when interacting with law enforcement officers.

6. Documentation: Encourage documentation of events during protests through photos, videos, and written accounts to help ensure accountability for any violations of rights or acts of violence.

7. Legal support: Provide legal support for protesters who may face charges or other repercussions as a result of their participation in demonstrations.

8. Debriefing and reflection: After",mistral:latest,0.2,0.9,350,42,2026-04-22T13:52:34+00:00
q24,How can a movement grow without losing its political clarity?,"Maintaining political clarity while fostering growth in a movement can be challenging, but it's achievable with careful planning and strategy. Here are some steps that might help:

1. Clear Vision and Mission: A strong, well-defined vision and mission statement will guide the movement and provide a clear direction for its members. This helps to maintain political clarity while attracting new supporters who share similar values.

2. Inclusive Decision-Making Processes: Encourage open dialogue and democratic decision-making processes that allow for diverse perspectives. This can help prevent the movement from becoming too narrow or extreme, while still maintaining its core principles.

3. Education and Awareness: Provide educational resources to members and supporters to ensure everyone has a solid understanding of the movement's goals, strategies, and values. This can help maintain political clarity as the movement grows.

4. Transparency and Accountability: Maintain transparency in the movement's operations and decision-making processes. This helps build trust among members and prevents the emergence of power imbalances that could compromise the movement's political clarity.

5. Adaptability: Be open to adapting strategies as necessary based on changing circumstances or feedback from members. However, it's important to ensure any changes align with the movement's core values and mission.

6. Collaboration: Form alliances with other like-minded movements or organizations to leverage collective resources and expertise. This can help the movement grow without losing its political clarity.

7. Leadership Development: Invest in developing new leaders within the movement who embody the movement's values and can help",mistral:latest,0.2,0.9,350,42,2026-04-22T13:52:52+00:00
q25,What is the difference between activism and revolutionary organizing?,"Activism and revolutionary organizing are both forms of political or social action, but they have distinct differences in their goals, methods, and ideologies.

1. Goals: Activism often aims to bring about change within the existing system through lobbying, protests, petitions, and public awareness campaigns. The changes sought can be on a wide range of issues such as environmental protection, animal rights, human rights, or social justice. Revolutionary organizing, on the other hand, seeks fundamental and radical change in the political, economic, and social structures of society, often aiming to overthrow the existing system entirely.

2. Methods: Activism typically employs non-violent resistance and legal means to bring about change. It often focuses on public opinion and pressuring decision-makers through peaceful protests, boycotts, and lobbying. Revolutionary organizing may involve more confrontational tactics such as strikes, civil disobedience, or even armed struggle, depending on the specific movement and its goals.

3. Ideology: Activism can be found across a wide political spectrum, from conservative to radical, while revolutionary organizing is often associated with far-left ideologies such as Marxism, anarchism, or socialism. Revolutionary movements seek systemic change that goes beyond reforming the existing system and aims to create a new one based on different principles and values.

4. Timeframe: Activism can lead to immediate changes in policy or public opinion, while revolutionary organizing is typically a long-term process aimed at bringing about fundamental societal transformation over an extended period of time.

5. Scale: Activism can focus on local,",mistral:latest,0.2,0.9,350,42,2026-04-22T13:53:09+00:00
q26,What are signs of increasing state repression?,"Signs of increasing state repression can vary depending on the specific context, but here are some common indicators:

1. Censorship: Restrictions on freedom of speech, media, and internet access. This can include banning certain publications, blocking websites, or imposing penalties for expressing dissenting opinions.

2. Surveillance: Increased monitoring of citizens, often through the use of advanced technology such as CCTV cameras, facial recognition systems, and phone tapping.

3. Arrests and Detentions: An increase in arrests and detentions of political activists, journalists, and other perceived dissidents. This can also include long prison sentences for peaceful protests or criticizing the government.

4. Disappearances: Cases where individuals are arrested by state authorities and then disappear without a trace, often used to silence opposition voices.

5. Violence: Use of excessive force by police or military against protesters, demonstrators, or any group perceived as a threat to the government. This can also include extrajudicial killings.

6. Political Persecution: Targeting of specific political parties, leaders, or ideologies through legal means such as bans, dissolutions, or disqualifications.

7. Restrictions on Assembly: Limiting the right to peaceful assembly by requiring permits for protests, imposing heavy fines for unauthorized gatherings, or using violence to break up protests.

8. Propaganda and Misinformation: Government-controlled media spreading biased or false information to manipulate public opinion and suppress dissent.

9. Mil",mistral:latest,0.2,0.9,350,42,2026-04-22T13:53:26+00:00
q27,How should organizations prepare for repression?,"Organizations should not prepare for repression, as it is against the principles of democracy, human rights, and peaceful coexistence. Instead, organizations should focus on promoting transparency, accountability, and respect for the rule of law to prevent any form of repression.

If an organization finds itself in a situation where it is being targeted by repressive measures, it can take the following steps:

1. Document all incidents of repression, including evidence such as photographs, videos, and witness testimonies. This documentation can be used to raise awareness about the situation and to hold those responsible accountable.
2. Seek legal advice and support from human rights organizations, lawyers, and other experts who can help the organization navigate the legal system and protect its rights.
3. Reach out to international bodies such as the United Nations, regional human rights organizations, and diplomatic missions to raise awareness about the situation and seek their assistance in protecting the organization's rights.
4. Mobilize public support by engaging with media, civil society groups, and other stakeholders to build a coalition of allies who can help amplify the organization's message and pressure those responsible for repression to cease their actions.
5. Prioritize the safety and security of staff and members, including providing training on how to respond to repressive measures, establishing emergency protocols, and providing psychological support as needed.
6. Consider relocating the organization or its operations if the situation becomes too dangerous, while ensuring that any decision is made in consultation with relevant stakeholders and with a focus on minimizing harm to the community.",mistral:latest,0.2,0.9,350,42,2026-04-22T13:53:42+00:00
q28,How should movements organize their material base?,"Organizing the material base of a movement can vary greatly depending on the nature, goals, and context of the movement. However, here are some general principles that might be useful:

1. Sustainability: The material base should be sustainable and not rely on exploitative practices or resources. This includes considering factors like energy consumption, waste production, and ethical sourcing of materials.

2. Decentralization: Decentralizing the material base can help to make a movement more resilient and less vulnerable to disruptions. This could involve setting up local supply chains, workshops, or cooperatives.

3. Collaboration: Collaborating with other organizations, businesses, or individuals can help to pool resources and expertise. This could involve partnerships for resource sharing, joint projects, or mutual aid networks.

4. Transparency: Transparency about the sources and uses of materials can build trust within a movement and with external stakeholders. This could involve open-source designs, clear financial reporting, and accountability mechanisms.

5. Accessibility: Making the material base accessible to all members of the movement is important for inclusivity and participation. This could involve providing training, tools, or resources free of charge, or setting up systems for resource redistribution.

6. Adaptability: The material base should be flexible and able to adapt to changing circumstances. This could involve having backup plans, being open to innovation, and continuously evaluating and improving processes.

7. Community Engagement: Involving the community in the creation and management of the material base can help to build ownership and support for the movement. This could involve workshops, training sessions, or",mistral:latest,0.2,0.9,350,42,2026-04-22T13:53:58+00:00
q29,What role does social reproduction play in class struggle?,"Social reproduction refers to the processes that maintain and regenerate society, including the production of new generations, the care of dependents, and the maintenance of cultural norms and values. In the context of class struggle, social reproduction is significant because it involves activities that are often undervalued or unpaid, yet essential for the functioning of capitalist societies.

In a capitalist system, these tasks are typically performed by women, people of color, and other marginalized groups who are often paid less or not at all for their labor. This creates a dual burden for these individuals: they work in the formal economy (often low-wage jobs) and also perform the majority of unpaid care work.

The unequal distribution of social reproductive labor contributes to class struggle in several ways:

1. Exploitation: The undervaluing and undercompensation of social reproductive labor allows capitalists to exploit workers, as they can pay them less than the full value of their labor.

2. Reproduction of inequality: By perpetuating gender, racial, and class inequalities through the distribution of social reproductive labor, these inequalities are reproduced over time, making it harder for marginalized groups to escape poverty and gain economic power.

3. Resistance and struggle: The burden of social reproductive labor can also serve as a source of resistance and collective action, as those who perform this work may organize to demand better pay, working conditions, and recognition for their contributions.

In summary, social reproduction plays a crucial role in class struggle by creating and maintaining the inequalities that underpin capitalist",mistral:latest,0.2,0.9,350,42,2026-04-22T13:54:15+00:00
q30,How should organizations coordinate global solidarity and anti-imperialist struggles?,"Coordinating global solidarity and anti-imperialist struggles involves several key steps for organizations:

1. Collaboration and Networking: Organizations can form alliances, networks, or coalitions with like-minded groups from different countries to pool resources, share knowledge, and amplify their collective impact. This collaboration can help in organizing joint campaigns, protests, and advocacy efforts.

2. Information Sharing: Sharing information about ongoing struggles, human rights abuses, and imperialist policies is crucial for raising awareness and mobilizing support globally. Organizations can use various platforms such as social media, newsletters, websites, and conferences to disseminate information.

3. Capacity Building: Providing training, resources, and support to local organizations in affected regions can help strengthen their capacity to resist imperialist forces effectively. This could include offering legal aid, funding, technical assistance, or organizing workshops on activism, advocacy, and community organizing.

4. Solidarity Actions: Organizing solidarity actions such as protests, boycotts, and demonstrations can show support for affected communities and put pressure on imperialist governments and corporations. These actions can also raise awareness about the issues at hand and mobilize more people to join the struggle.

5. Policy Advocacy: Engaging in policy advocacy at local, national, and international levels is essential for influencing decision-making processes and pushing for policies that promote global solidarity and oppose imperialism. This could involve lobbying governments, engaging with international organizations like the United Nations, or collaborating with other civil society groups to advocate for change.

6. Building",mistral:latest,0.2,0.9,350,42,2026-04-22T13:54:31+00:00
