qid,question,answer,model_name,temperature,top_p,max_new_tokens,seed,top_k,retriever_model,retrieved_doc_ids,retrieved_chunk_ids,retrieved_scores,timestamp_utc
q01,How should a revolutionary organization be structured?,"The context suggests that a revolutionary organization should consist chiefly of people who are professionally engaged in revolutionary activity, and it should be structured to ensure secrecy, centralization of the most secret functions, and professional training for its members. It should also have a broad public organization for less secret activities such as workers' trade unions, workers' self-education circles, and socialist and democratic circles among all other sections of society. The goal is to create a strong revolutionary organization that can give firmness to the movement, safeguard it against premature attacks, and prepare attacks that hold out the promise of success while also promoting democracy within the organization.",mistral:latest,0.2,0.9,350,42,5,sentence-transformers/all-mpnet-base-v2,ccom_29|ccom_29|ccom_29|ccom_32|ccom_29,ccom_29_0137|ccom_29_0123|ccom_29_0139|ccom_32_0108|ccom_29_0153,0.618381|0.613970|0.612978|0.593813|0.592608,2026-03-12T13:59:13+00:00
q02,What is the role of leadership in class conscious movements?,"The context provided discusses the role of leadership in class-conscious movements primarily within the context of Marxist theory. According to the excerpts, leadership plays a crucial role in facilitating critical thinking and organizing action among the oppressed classes (the workers, lumpenproletariat, and Black people).

Leaders should not think for or on behalf of the people but rather with them, as they help the masses move from naive knowledge to a higher level of understanding that enables them to perceive the causes of reality. Leadership is essential in organizing the working class, lumpenproletariat, and other oppressed groups to take over power and bring about an end to repression.

However, it's important to note that leadership should not be egotistical or hypocritical, as some Marxist-Leninists are accused of being in the provided context. Instead, they should recognize the unique struggles and strategies of each oppressed class, such as the lumpenproletariat manifesting their rebellion in the streets due to their exclusion from the economy and educational institutions.

In summary, leadership plays a vital role in facilitating critical thinking, organizing action, and representing the interests of various oppressed classes within class-conscious movements. However, it's essential that leaders avoid egotism and hypocrisy and instead work collaboratively with the masses to bring about meaningful change.",mistral:latest,0.2,0.9,350,42,5,sentence-transformers/all-mpnet-base-v2,ccom_08|ccom_50|ccom_50|ccom_42|ccom_50,ccom_08_0113|ccom_50_0406|ccom_50_0519|ccom_42_0011|ccom_50_0410,0.602267|0.589612|0.574786|0.571541|0.570106,2026-03-12T13:59:18+00:00
q03,How can responsibilities be distributed without creating hierarchy abuse?,"To distribute responsibilities without creating hierarchy abuse, it's essential to establish a flat organizational structure where all members have equal opportunities for growth and contribution. Here are some key points to consider:

1. Clear roles and expectations: Clearly define each team member's role and responsibilities, ensuring that everyone understands their part in the overall process. This helps prevent confusion and potential power struggles.

2. Collaborative decision-making: Encourage collaborative decision-making processes where all team members have a voice and can contribute to discussions. This empowers individuals and fosters a sense of ownership over projects.

3. Transparency: Maintain transparency in communication, ensuring that everyone is aware of the decisions being made and the reasoning behind them. This helps build trust among team members and reduces the potential for misunderstandings or feelings of exclusion.

4. Rotating responsibilities: Regularly rotate responsibilities to prevent any one individual from becoming overburdened or feeling like they have too much power. This also allows team members to develop new skills and gain a better understanding of the organization as a whole.

5. Encourage feedback: Foster an environment where team members feel comfortable providing and receiving constructive feedback. This helps identify areas for improvement and encourages continuous learning and growth.

6. Leadership development: Provide opportunities for team members to develop their leadership skills, such as through mentoring programs or leadership training workshops. This empowers individuals to take on more responsibility and helps prevent the concentration of power in a single individual or group.

7. Regular evaluation: Periodically evaluate the distribution of responsibilities to ensure that it remains fair",mistral:latest,0.2,0.9,350,42,5,sentence-transformers/all-mpnet-base-v2,ccom_13|ccom_16|ccom_08|ccom_50|ccom_08,ccom_13_0024|ccom_16_0004|ccom_08_0123|ccom_50_0367|ccom_08_0125,0.418922|0.383174|0.379585|0.346885|0.341840,2026-03-12T13:59:21+00:00
q04,How should decision-making processes be organized?,"The context does not provide specific details on how decision-making processes should be organized, but it does suggest some key principles that could be useful in organizing such processes:

1. Distinct roles for different actors in the information circuit, including providers, gatherers, processors, distributors, and consumers of information.
2. Networks may be centralized or decentralized, with varying levels of segmentation.
3. The formation of concepts and logical conclusions through a process of cognition that involves perception, conception, judgement, and inference.
4. In the context of an army of a revolutionary movement, the organization should be decentralized to bring life to regions that are dead or not yet awakened to life. The party should not be mingled with the government, but rather serve as a guide for the people to exercise their authority and express their will.
5. In the context of democratic confederalism, the higher councils have lesser power compared to the smaller, local structures that directly solve problems and define discussions in the higher councils. The cooperation of this dual structure is manifested in a parliament where all parties participate, forming together with the councils and NGOs, the government of Rojava.",mistral:latest,0.2,0.9,350,42,5,sentence-transformers/all-mpnet-base-v2,ccom_13|ccom_45|ccom_41|ccom_50|ccom_14,ccom_13_0024|ccom_45_0004|ccom_41_0099|ccom_50_0367|ccom_14_0019,0.403806|0.347038|0.335779|0.333747|0.316624,2026-03-12T13:59:24+00:00
q05,How can a power-critical organizational structure be ensured?,"To ensure a power-critical organizational structure, the context suggests focusing on roles and functions within an information circuit rather than specific content. Here are some key points to consider:

1. Distinguish between different ideal typical roles in the information circuit, such as providers, gatherers, processors, distributors, and consumers of information.
2. Recognize that connections between actors may be direct or indirect, and networks can be centralized or decentralized.
3. Networks display varying levels of segmentation, meaning they can be divided into smaller, more manageable units.
4. Avoid rigidly placing specific actors at only one level, as one actor may operate on multiple levels simultaneously.
5. Ensure that there is a balance between Party policy and mass consciousness or wishes, with the cadres raising consciousness and defining it while channeling it into action.
6. Organize the people in such a way that they are not treated as things to be used but rather as active participants in the process of liberation.
7. Emphasize the importance of leadership through Party organizations, which should be superior to all other organizations and play a crucial role in assimilating Marxism, adopting united programs, and changing the proletariat from a ""class in itself"" to a ""class for itself.""
8. Avoid extremes in mass activity and ideological authority, striking a balance between Party leadership and mass input.
9. Be aware of the oppressor's tendency to divide and rule, aiming to weaken the oppressed and create and deepen rifts among them.
10. Recognize that concepts such as unity, organization,",mistral:latest,0.2,0.9,350,42,5,sentence-transformers/all-mpnet-base-v2,ccom_13|ccom_16|ccom_08|ccom_16|ccom_08,ccom_13_0024|ccom_16_0004|ccom_08_0159|ccom_16_0016|ccom_08_0123,0.494417|0.462433|0.411035|0.405767|0.395594,2026-03-12T13:59:26+00:00
q06,What is the role of discipline in class conscious movements?,"In the provided context, discipline plays a crucial role in class-conscious movements. The text discusses the transformation of the working class over time, with many workers' children moving into professional roles such as teachers, engineers, and social workers. This shift makes it challenging to identify a single bloc of workers as the traditional working class.

However, when it comes to class-conscious movements, discipline is essential for organizing, agitating, and mobilizing workers effectively. The text mentions the importance of having a committee of professional revolutionaries who can engage in ""pushing"" (organizing and educating) the workers more forcefully than before. This implies that discipline is necessary to maintain a systematic plan of activity, establish contacts with workers, and carry out open hostilities or actions against the enemy (in this context, the ruling class).

Moreover, the text highlights the role of students in pushing the working-class movement from outside, suggesting that they bring political knowledge and revolutionary experience to the workers. This implies that discipline is necessary for students to acquire and disseminate this knowledge effectively, ensuring that their actions are not perceived as demagogic or misleading by the workers.

In summary, while the working class may have transformed over time, discipline remains essential in class-conscious movements for organizing, agitating, and mobilizing workers effectively, as well as for acquiring and disseminating political knowledge to the working class.",mistral:latest,0.2,0.9,350,42,5,sentence-transformers/all-mpnet-base-v2,ccom_50|ccom_29|ccom_42|ccom_43|ccom_29,ccom_50_0197|ccom_29_0112|ccom_42_0011|ccom_43_0014|ccom_29_0135,0.568143|0.560779|0.552408|0.549655|0.547551,2026-03-12T13:59:30+00:00
q07,How should revolutionary movements handle internal disagreements?,"According to the provided context, revolutionary movements should provide leadership for the people, teach them strategic methods of prolonged resistance, and engage in dialogue with the people. The text emphasizes the importance of the party or vanguard group showing the people how to stage a revolution through words and action, as well as learning by observation and experience. It also highlights that the revolutionary process is educational in character and requires openness to the people, communion with them, and a dialogical quality to prevent institutionalization and stratification into counter-revolutionary bureaucracies. The text suggests that the more a revolution requires theory, the more its leaders must be with the people in order to stand against the power of oppression. Internal disagreements should be addressed through dialogue and communion with the people, rather than through antidialogical action or domination.",mistral:latest,0.2,0.9,350,42,5,sentence-transformers/all-mpnet-base-v2,ccom_50|ccom_08|ccom_08|ccom_50|ccom_32,ccom_50_0384|ccom_08_0119|ccom_08_0109|ccom_50_0270|ccom_32_0108,0.583322|0.561844|0.560412|0.552328|0.550613,2026-03-12T13:59:33+00:00
q08,How can organizations prevent opportunism or individualism?,"To prevent opportunism or individualism within organizations, it's essential to promote a culture of unity, collective responsibility, and critical consciousness among members. This can be achieved by fostering open dialogue, encouraging collaboration, and emphasizing the importance of shared goals and values. It's also crucial to ensure that organizational structures are democratic and transparent, allowing for input from all members and minimizing opportunities for manipulation or domination by a select few.

In the context provided, Paulo Freire discusses the importance of dialogical action, which emphasizes authentic organization, daring witness, and conscientização (critical consciousness) to counteract manipulation and domination by dominant elites. This approach can help prevent individualism within organizations by promoting a shared understanding of the societal context and the need for collective action towards liberation.

However, the provided context does not explicitly discuss specific strategies or measures that organizations can implement to prevent opportunism or individualism. To provide more concrete answers, additional information about the specific organizational context and challenges would be needed.",mistral:latest,0.2,0.9,350,42,5,sentence-transformers/all-mpnet-base-v2,ccom_08|ccom_08|ccom_50|ccom_08|ccom_50,ccom_08_0125|ccom_08_0127|ccom_50_0237|ccom_08_0159|ccom_50_0215,0.474588|0.443604|0.435641|0.431786|0.428376,2026-03-12T13:59:35+00:00
q09,What does accountability look like in a revolutionary organization?,"In a revolutionary organization, accountability looks like authentic leadership that organizes itself with the people, rather than organizing them. This type of leadership is characterized by daring and loving witness, which serves the ends of organization and liberation. The discipline necessary for any organization should not be confused with regimentation; it must not treat the people as things to be used, but work towards their conscientização (consciousness-raising). The revolutionary leaders are responsible for providing leadership, teaching the correct strategic methods of prolonged resistance, and awakening the people. They must resist imitating the procedures of the oppressors and instead work with the oppressed to throw out the oppressors. The organization should consist of people professionally engaged in revolutionary activity and who have been trained in the art of combating the political police. The need for such an organization is more urgent in autocratic states, and it must be solid to resist demagogues.",mistral:latest,0.2,0.9,350,42,5,sentence-transformers/all-mpnet-base-v2,ccom_08|ccom_50|ccom_08|ccom_29|ccom_29,ccom_08_0159|ccom_50_0384|ccom_08_0109|ccom_29_0137|ccom_29_0139,0.589782|0.565982|0.558386|0.552103|0.550757,2026-03-12T13:59:37+00:00
q10,How should criticism and self-criticism be practiced?,"In the provided context, criticism and self-criticism in art are discussed as essential practices for artists who aim to support the resistance and liberation of Black people. The artist should interpret the struggles of the community, such as hunger and poor housing, and transform these into art that raises consciousness. Criticism is praised for what helps in this resistance, while condemnation is reserved for art that opposes it.

Artists are encouraged to understand their role and relationship with society, the political situation, and the survival of Black people. They should judge art by considering both the artist's subjective intentions (motives) and the effect the art has on the community. The artist must go out into the community to investigate and ensure that their art corresponds with the reality of the community, elevating consciousness rather than pacifying or denying it.

Self-criticism is implied as a necessary practice for artists to evaluate whether their work aligns with the needs and struggles of the community. This involves taking into account both the artist's personal feelings (motives) and the practical, everyday activities in the community. The goal is to create art that shows love for Black people, promotes freedom, justice, and liberation, and generates critical thinking through dialogue.",mistral:latest,0.2,0.9,350,42,5,sentence-transformers/all-mpnet-base-v2,ccom_32|ccom_08|ccom_08|ccom_08|ccom_32,ccom_32_0086|ccom_08_0075|ccom_08_0010|ccom_08_0009|ccom_32_0081,0.447682|0.440618|0.423440|0.394349|0.388606,2026-03-12T13:59:40+00:00
q11,How should a power-critical organization address internal sexism?,"To address internal sexism in a power-critical organization, it is essential to recognize and challenge the patriarchal structures that perpetuate sexism. This can be achieved by promoting gender equality in leadership positions, policies, and decision-making processes. Encouraging open dialogue about gender roles, biases, and power dynamics within the organization is crucial for fostering a more inclusive and equitable environment.

Moreover, it's important to provide education and training on issues related to sexism, gender equality, and women's rights. This can help raise awareness of the impact of sexism on individuals and the organization as a whole, and empower members to take action against it.

Lastly, holding leaders accountable for their actions and promoting a culture of zero tolerance for sexist behavior is essential for creating lasting change. By addressing internal sexism, organizations can not only improve the well-being of their female employees but also enhance overall organizational performance and effectiveness.",mistral:latest,0.2,0.9,350,42,5,sentence-transformers/all-mpnet-base-v2,ccom_40|ccom_37|ccom_37|ccom_37|ccom_50,ccom_40_0009|ccom_37_0016|ccom_37_0020|ccom_37_0005|ccom_50_0564,0.503974|0.463918|0.463121|0.458745|0.451457,2026-03-12T13:59:42+00:00
q12,How can organizations respond to cases of internal discrimination?,"The context provided does not directly address how organizations respond to cases of internal discrimination. However, it does touch upon instances of racial and gender discrimination within various organizations, such as labor unions and revolutionary groups. It suggests that addressing internal discrimination requires a commitment to fighting against racism, chauvinism, and the exploitation of black workers and women. This includes rooting out attitudes of male superiority, patronizing attitudes towards Negro women, and working towards equal opportunities for employment in various industries. The text also emphasizes the importance of solidarity among oppressed groups in the fight against common oppressors. To effectively respond to cases of internal discrimination, organizations should prioritize creating an inclusive environment that values diversity, promotes equality, and actively works to eliminate discriminatory practices.",mistral:latest,0.2,0.9,350,42,5,sentence-transformers/all-mpnet-base-v2,ccom_50|ccom_50|ccom_50|ccom_50|ccom_33,ccom_50_0517|ccom_50_0528|ccom_50_0133|ccom_50_0137|ccom_33_0037,0.406212|0.391709|0.383386|0.376728|0.365475,2026-03-12T13:59:45+00:00
q13,How can class conscious movements avoid reproducing social hierarchies internally?,"To avoid reproducing social hierarchies internally within class conscious movements, the following strategies can be employed:

1. Promote democratic decision-making processes: Encourage active participation from all members and ensure that everyone has an equal voice in making decisions. This helps to prevent a small group or elite from dominating the movement.

2. Foster unity in diversification: Recognize and celebrate diversity within the movement, but also emphasize the importance of unity in working towards common goals. This can help to prevent divisions based on race, gender, class, or other factors.

3. Develop a systematic ideology: Having a clear and coherent set of beliefs and principles can help guide the movement's actions and decisions, preventing them from being swayed by external influences or personal agendas.

4. Prioritize community control and empowerment: Empowering the community and giving them control over their own lives is crucial for avoiding reproducing social hierarchies. This can be achieved through community organizing, education, and economic development initiatives that prioritize the needs and interests of the marginalized.

5. Emphasize critical intervention in a total reality: Encourage members to critically analyze the broader socio-political context and develop strategies that address the root causes of oppression, rather than just its symptoms.

6. Foster consciousness and critical thinking: Educate members about the nature of class conflict and the need for solidarity among the oppressed. This can help to prevent divisions and promote a shared understanding of the movement's goals and strategies.

7. Encourage accountability and transparency: Ensure that the movement's leaders are",mistral:latest,0.2,0.9,350,42,5,sentence-transformers/all-mpnet-base-v2,ccom_50|ccom_50|ccom_24_1|ccom_08|ccom_43,ccom_50_0226|ccom_50_0410|ccom_24_1_0011|ccom_08_0125|ccom_43_0027,0.585196|0.578559|0.567070|0.561940|0.554995,2026-03-12T13:59:46+00:00
q14,How can informal power structures be identified and challenged?,"Informal power structures can be identified and challenged by understanding their methods and effects on the oppressed. Here are some steps to identify and challenge them based on the provided context:

1. Recognize the divide-and-rule strategy: Oppressors often try to divide the oppressed and keep them divided to maintain their power. This can be identified by observing any actions that aim to weaken unity, organization, or struggle among the oppressed.

2. Understand the cultural action of the oppressors: The oppressors manipulate the community by giving them the impression that they are being helped. They often emphasize a focalized view of problems rather than seeing them as dimensions of a totality. This can be identified by analyzing the methods and goals of cultural actions in a given context.

3. Recognize indirect rule: The oppressors may use an ""indirect rule"" system, where they manipulate selected leaders to preserve a state of alienation among the oppressed. This can be identified by observing the behavior of leaders and their relationship with the oppressors.

4. Understand class conflict: Class conflict exists between those who buy and those who sell their labor. The oppressors call for harmony but the antagonism between the two classes makes this ""harmony"" impossible. This can be identified by analyzing the economic and social conditions in a given context.

5. Challenge manipulation: Authentic organization supersedes manipulation in dialogical action. Revolutionary leaders should organize themselves with the people, not for their own benefit but for the liberation of the oppressed. This requires daring and loving witness, discipline",mistral:latest,0.2,0.9,350,42,5,sentence-transformers/all-mpnet-base-v2,ccom_08|ccom_35|ccom_08|ccom_08|ccom_13,ccom_08_0123|ccom_35_0326|ccom_08_0125|ccom_08_0159|ccom_13_0029,0.490632|0.470502|0.468886|0.466490|0.466317,2026-03-12T13:59:50+00:00
q15,What structures help ensure collective responsibility and shared power?,"The structures that help ensure collective responsibility and shared power, as suggested in the provided context, are those based on a model of community organization and self-representation, such as councils and communes. These structures emphasize organizing cohabitant singularities of the multitude in line with models of self-representation and self-organization, breaking away from mainstream social contract thinking that is based on methodological individualism and statism. In this model, power is decentralized, and higher institutions operate at the system of commune confederation to handle problems that a single commune cannot. The smaller, local structures have more power in democratic confederalism. This model is exemplified by Rojava, where buildings, land, and infrastructure were given to the control of city councils, and cooperatives have been developed to manage economic resources in an interlinked way with other communities.",mistral:latest,0.2,0.9,350,42,5,sentence-transformers/all-mpnet-base-v2,ccom_13|ccom_08|ccom_08|ccom_14|ccom_14,ccom_13_0024|ccom_08_0123|ccom_08_0125|ccom_14_0013|ccom_14_0019,0.537060|0.529519|0.487788|0.487752|0.486747,2026-03-12T13:59:53+00:00
q16,What is the relationship between theory and practice in revolutionary work?,"In revolutionary work, theory and practice are closely related and interdependent. According to Mao Tse-tung's essay ""On Practice,"" Marxists view human knowledge as developing primarily from social practice, particularly through activity in production. This practical experience is essential for understanding the world and society. However, theory also plays a crucial role in guiding practice and helping to correct errors discovered during the process of changing reality. In other words, theory should be based on practice and serve practice, while practice verifies the truth of knowledge. The relationship between theory and practice in revolutionary work is dynamic, with both elements influencing each other as the objective process progresses and changes.",mistral:latest,0.2,0.9,350,42,5,sentence-transformers/all-mpnet-base-v2,ccom_45|ccom_45|ccom_45|ccom_45|ccom_45,ccom_45_0002|ccom_45_0012|ccom_45_0001|ccom_45_0013|ccom_45_0003,0.584847|0.583848|0.576521|0.575226|0.571183,2026-03-12T13:59:56+00:00
q17,How should political education be organized?,"Based on the provided context, political education should be organized in a way that empowers the masses, making adults out of them rather than treating them as children. The content of the education or political action should reflect the present, existential, concrete situation of the people and their aspirations, doubts, hopes, and fears. This requires a dialogical methodology that affords the opportunity to discover and investigate the complex of their ""generative themes"" (their view of the world). The role of the political party in an under-developed country is to help instill consciousness, point out the real interests of the people, and organize educational institutions of their own. The government's duty is also to act as a filter and a stabilizer against harmful influences on young people, particularly from Western culture.",mistral:latest,0.2,0.9,350,42,5,sentence-transformers/all-mpnet-base-v2,ccom_50|ccom_08|ccom_43|ccom_08|ccom_50,ccom_50_0363|ccom_08_0079|ccom_43_0027|ccom_08_0077|ccom_50_0375,0.560208|0.497082|0.468425|0.464774|0.459103,2026-03-12T13:59:57+00:00
q18,How can organizations avoid dogmatism?,"To avoid dogmatism, organizations can follow Mao's mass line approach as described in the context. This involves uniting theory and practice, gathering ideas from the masses, being sensitive to their wishes, demands, opinions, and consciousness, and avoiding both ""tailism"" (following mass demands irrespective of policy) and ""commandism"" (enforcing policy irrespective of mass consciousness). The goal is to maintain a balance between Party leadership and mass inputs into policy-making. Additionally, it's important to avoid dogmatism by not mistaking fragmentary experience for universal truth (empiricism), and by recognizing the need for detailed study and understanding of the practical situation.",mistral:latest,0.2,0.9,350,42,5,sentence-transformers/all-mpnet-base-v2,ccom_16|ccom_50|ccom_16|ccom_26|ccom_16,ccom_16_0004|ccom_50_0233|ccom_16_0003|ccom_26_0024|ccom_16_0016,0.455430|0.376549|0.359790|0.351649|0.351416,2026-03-12T14:00:00+00:00
q19,How should movements learn from past struggles?,"Movements should learn from past struggles by correcting their ideas, theories, plans or programs when errors are discovered, and by ensuring that new revolutionary tasks and working programs correspond to the new changes in the situation. This is important because movements are usually subject to numerous limitations, and their original ideas may fail to correspond with reality either in whole or in part. Movements should also progress and change in their subjective knowledge along with the progression of the objective process, as true revolutionary leaders must adapt to the new changes in the situation to lead the revolution to victory. Additionally, movements should engage in reflection on their concrete situation to learn from past struggles and to guide future actions. This reflection leads to action, and when the situation calls for action, that action will constitute an authentic praxis only if its consequences become the object of critical reflection. Movements must also recognize dependence as a weak point and attempt through reflection and action to transform it into independence.",mistral:latest,0.2,0.9,350,42,5,sentence-transformers/all-mpnet-base-v2,ccom_45|ccom_35|ccom_50|ccom_08|ccom_50,ccom_45_0012|ccom_35_0356|ccom_50_0384|ccom_08_0052|ccom_50_0410,0.614423|0.581251|0.568314|0.564709|0.561128,2026-03-12T14:00:02+00:00
q20,What makes an organization truly class conscious?,"An organization becomes truly class conscious when it has a systematic ideology, engages in practical programs that deliver understandings to the people, and focuses on analyzing concrete conditions to gain a full understanding of the community and its needs. It also requires unity among the oppressed as a class, cooperation with class-conscious white workers, and alliances with actual or potential allies who share the same purpose. The organization should aim for unity, which can enable the oppressed to change their weak state into a transforming force, re-creating the world and making it more human. It's also important that the organization represents the interests of the lumpen proletariat, a group below the working class, and employs different strategies and tactics to address their unique circumstances.",mistral:latest,0.2,0.9,350,42,5,sentence-transformers/all-mpnet-base-v2,ccom_50|ccom_08|ccom_50|ccom_08|ccom_42,ccom_50_0410|ccom_08_0125|ccom_50_0082|ccom_08_0127|ccom_42_0010,0.467683|0.465523|0.456057|0.454755|0.445742,2026-03-12T14:00:04+00:00
q21,How should revolutionaries relate to the broader working class?,"According to the provided context, revolutionaries should not relate to the broader working class by pushing them from outside or treating them as inferior. Instead, they should engage with the working class in a serious and respectful manner, helping to educate and empower them to become professional revolutionaries themselves. The text suggests that revolutionaries should assist capable workers to develop their abilities and apply them towards revolutionary goals such as agitation, organization, and propaganda. However, it's important to note that this context is from the Communist Manifesto written by Karl Marx and Friedrich Engels in 1848, so the specific historical and political circumstances may not fully apply to modern-day situations.",mistral:latest,0.2,0.9,350,42,5,sentence-transformers/all-mpnet-base-v2,ccom_29|ccom_24_1|ccom_35|ccom_08|ccom_29,ccom_29_0135|ccom_24_1_0011|ccom_35_0716|ccom_08_0113|ccom_29_0146,0.676564|0.663002|0.662011|0.658108|0.654521,2026-03-12T14:00:06+00:00
q22,How can organizations stay connected to everyday struggles?,"Organizations can stay connected to everyday struggles by developing programs that address the unique problems of marginalized communities, as demonstrated by the Black Panther Party (BPP). The BPP created a multi-structured format to provide services such as health care, food, education, and clothing. These programs not only helped meet the daily needs of the community but also served as a model for other oppressed communities. By understanding and addressing the needs of the community, organizations can help raise consciousness and promote critical intervention in a total reality, which is crucial for achieving unity among the oppressed. However, it's important to note that this context primarily discusses the BPP's approach and may not fully represent other organizations or strategies.",mistral:latest,0.2,0.9,350,42,5,sentence-transformers/all-mpnet-base-v2,ccom_08|ccom_50|ccom_11|ccom_11|ccom_32,ccom_08_0125|ccom_50_0518|ccom_11_0027|ccom_11_0017|ccom_32_0005,0.490676|0.488235|0.476417|0.468759|0.464600,2026-03-12T14:00:08+00:00
q23,How should movements respond to spontaneous protests?,"The context suggests that movements should provide leadership, teach strategic methods of prolonged resistance, and show the people how to stage a revolution. They should avoid spontaneous protests without clear plans, tactics, and defined objectives. Instead, they should organize themselves and learn to defend themselves with guns when unjustly attacked. Movements should aim for a firm alliance with the oppressed nationalities and the working class. They should challenge the state's monopoly on legitimate use of violence, police the police, disrupt the official performance of the state, and build foreign relationships with other revolutionary states to signal the eruption of a nonstate identity into the everyday life of the state. Movements should escalate the momentum and impact of disruptive protest to gain acceptance for new advantages.",mistral:latest,0.2,0.9,350,42,5,sentence-transformers/all-mpnet-base-v2,ccom_50|ccom_50|Seale - Seize The Time The Story of the Black Panther Party|ccom_50|ccom_11,ccom_50_0384|ccom_50_0695|Seale - Seize The Time The Story of the Black Panther Party_0267|ccom_50_0518|ccom_11_0015,0.593499|0.554997|0.539329|0.530530|0.525954,2026-03-12T14:00:10+00:00
q24,How can a movement grow without losing its political clarity?,"A movement can grow without losing its political clarity by developing a systematic ideology, engaging in concrete analyses of concrete conditions, and maintaining a balance between theory and practice. This approach ensures that the movement's programs are grounded in reality and can be effectively communicated to the people. It also allows for flexibility and evolution as circumstances change, while keeping the focus on mobilizing the community towards the goal of higher manifestations of freedom.

The context provided discusses the importance of a structured political vehicle (like the Black Panther Party's Ten Point Program) that combines theory and practice, and the dangers of idealism, mechanical materialism, opportunism, and adventurism, which are characterized by the breach between the subjective and the objective, and the separation of knowledge from practice. The context also emphasizes the need for revolutionaries to adapt their thinking rapidly in accordance with changing circumstances, and the importance of avoiding demagogy and contempt towards those who propose plans or outlines for the movement's development.",mistral:latest,0.2,0.9,350,42,5,sentence-transformers/all-mpnet-base-v2,ccom_50|ccom_45|ccom_29|Seale - Seize The Time The Story of the Black Panther Party|ccom_29,ccom_50_0410|ccom_45_0013|ccom_29_0172|Seale - Seize The Time The Story of the Black Panther Party_0427|ccom_29_0088,0.510622|0.499861|0.494709|0.488229|0.485391,2026-03-12T14:00:11+00:00
q25,What is the difference between activism and revolutionary organizing?,"The difference between activism and revolutionary organizing lies in their focus, goals, and methods. Activism often focuses on specific issues or causes, aims for incremental change, and uses various forms of protest, advocacy, and community service to bring about change. Revolutionary organizing, on the other hand, seeks fundamental and systemic changes in society, often through the overthrow of existing power structures. It involves a more comprehensive analysis of the root causes of social issues, the development of long-term strategies for transformation, and the mobilization of mass movements to challenge and replace the current order.

In the provided context, revolutionary organizing is discussed as a means to bring about social change, particularly in the context of addressing racial inequality and economic exploitation. Activism is not explicitly mentioned, but it can be inferred that activism might focus on specific issues related to these broader goals, such as advocating for civil rights or labor reforms, while revolutionary organizing aims at transforming the entire system.

The texts also emphasize the importance of praxis (reflection and action) and the role of the oppressed in the transformation process. Revolutionary organizing cannot be reduced to mere activism or verbalism but requires a deep understanding of the structures to be transformed, as well as the active participation of those who are oppressed by these structures.

In summary, while both activism and revolutionary organizing aim at bringing about change, they differ in their scope, goals, methods, and the role they assign to the oppressed in the transformation process.",mistral:latest,0.2,0.9,350,42,5,sentence-transformers/all-mpnet-base-v2,ccom_35|ccom_08|ccom_50|ccom_29|ccom_29,ccom_35_0356|ccom_08_0108|ccom_50_0270|ccom_29_0121|ccom_29_0123,0.554595|0.545809|0.543896|0.535030|0.533810,2026-03-12T14:00:14+00:00
q26,What are signs of increasing state repression?,"Signs of increasing state repression can include:

1. Divide and Rule: The government may attempt to divide the population, create and deepen rifts among them, and halt any action that could unify the people. This is often done by various means, including violence.

2. Religiousness: The state may use a mix of nationalism and religion for its purposes, especially in societies where religion plays an important role. In some cases, religion may even take on the part of nationalism.

3. Bureaucracy: An ever-expanding civil and military bureaucracy may develop, which serves only to protect the state's ideological basis and legal, economic, and religious structures. This bureaucracy can often elevate itself above the people.

4. Homogeneity: The nation-state may aim at creating a single national culture, identity, and unified religious community, enforcing a homogeneous citizenship. This is often accomplished by force or financial incentives and has often resulted in the physical annihilation of minorities, cultures, or languages, or forced assimilation.

5. Repression of Opposition: The state may suppress opposition parties, liquidate them by beatings and stonings, set opposition candidates' houses on fire, increase provocations, and turn political parties into informants and punitive forces against the people.

6. Monopoly of Violence: The state may challenge groups that espouse willingness to engage in armed self-defense and disrupt its functioning by employing disruption as a tactic of influence. This can lead to arrests or violence towards these groups.",mistral:latest,0.2,0.9,350,42,5,sentence-transformers/all-mpnet-base-v2,ccom_08|ccom_40|ccom_50|ccom_11|ccom_40,ccom_08_0123|ccom_40_0010|ccom_50_0364|ccom_11_0015|ccom_40_0006,0.486101|0.480414|0.456345|0.455108|0.450766,2026-03-12T14:00:17+00:00
q27,How should organizations prepare for repression?,"Based on the provided context, organizations preparing for repression should focus on taking over power, organizing themselves with the people, and promoting unity among the oppressed. They should also be aware of tactics used by dominant elites to divide and rule, such as creating rifts among the oppressed and emphasizing a focalized view of problems rather than seeing them as dimensions of a totality.

To counteract possible reactions and attempts to destroy them by the dominant elites, organizations should avoid loose talk, be cautious about participating in research programs, and refrain from rumor-mongering. They should also write about their experiences to educate future generations.

The context is missing specific details on how exactly these strategies can be implemented and what resources or actions are necessary for successful execution.",mistral:latest,0.2,0.9,350,42,5,sentence-transformers/all-mpnet-base-v2,ccom_50|ccom_08|ccom_08|ccom_50|ccom_50,ccom_50_0518|ccom_08_0159|ccom_08_0123|ccom_50_0384|ccom_50_0502,0.621041|0.555318|0.531013|0.527375|0.515262,2026-03-12T14:00:20+00:00
q28,How should movements organize their material base?,"Based on the provided context, movements should organize their material base by creating a strong organization that is divided into functions, ensuring each function is carried out efficiently. This organization should also maintain good relations with the people they serve, such as peasants and workers, and ensure that collections (fundraising) are performed effectively. Additionally, there should be a focus on propaganda and agitation among relevant groups, and the creation of ""military organizations"" affiliated to the movement's party. The organization should also have a team dedicated to making trails for supply needs, and strive to avoid impoverishing the areas they operate in. Furthermore, movements should encourage physical meetings and rallies, where vanguard elements can go among the people, promote commitment, provide concrete activities, and search out individuals who can contribute to building the movement's infrastructure. Lastly, local networks of activists can serve as sub-networks within the larger network, providing opportunities for interpersonal and inter-organizational contacts.",mistral:latest,0.2,0.9,350,42,5,sentence-transformers/all-mpnet-base-v2,ccom_13|ccom_29|ccom_41|ccom_32|ccom_13,ccom_13_0030|ccom_29_0143|ccom_41_0074|ccom_32_0109|ccom_13_0033,0.508323|0.504815|0.478834|0.466404|0.461079,2026-03-12T14:00:22+00:00
q29,What role does social reproduction play in class struggle?,"In the provided context, social reproduction plays a significant role in class struggle by shaping and reinforcing the class structure and maintaining the dominant position of the ruling class over the working class. The process of social reproduction includes various activities that sustain the daily life of society, such as education, family, culture, and labor.

In contemporary society, the capitalist class owns property and dominates the working class, which does not own property. Social reproduction helps to maintain this class structure by creating and reinforcing ideologies that justify the existing power relations, such as the belief in meritocracy or the idea that success is determined by individual effort rather than systemic factors.

Moreover, social reproduction also shapes the consciousness, strength, and militancy of the working class through education, labor unions, and other organizations. The struggle for better wages, working conditions, and rights can be seen as a form of resistance against the dominant class's efforts to divide and weaken the working class.

In summary, social reproduction plays a crucial role in class struggle by shaping the consciousness, ideologies, and power relations between the ruling and working classes. The dialectical method emphasizes the importance of analyzing each set of conditions separately to gain insight into the process and manage its development and change.",mistral:latest,0.2,0.9,350,42,5,sentence-transformers/all-mpnet-base-v2,ccom_43|ccom_23_3|ccom_08|ccom_50|ccom_42,ccom_43_0014|ccom_23_3_0002|ccom_08_0126|ccom_50_0197|ccom_42_0012,0.563002|0.553418|0.546809|0.542084|0.536139,2026-03-12T14:00:24+00:00
q30,How should organizations coordinate global solidarity and anti-imperialist struggles?,"The context suggests that organizations should coordinate global solidarity and anti-imperialist struggles by forming a united front against U.S. imperialism. This united front should be led by the proletariat, aiming to unite all who can be united against the monopolies. The central role of the fight against white supremacy is emphasized in building this united front. Additionally, the fight against anti-communism and the exposure and defeat of bourgeois nationalists are key principles. The ultimate goal is to seize state power, institute the dictatorship of the proletariat, and build socialism.",mistral:latest,0.2,0.9,350,42,5,sentence-transformers/all-mpnet-base-v2,ccom_50|ccom_50|rutgers-lib-67813_PDF-1|ccom_43|rutgers-lib-67813_PDF-1,ccom_50_0485|ccom_50_0507|rutgers-lib-67813_PDF-1_0057|ccom_43_0002|rutgers-lib-67813_PDF-1_0059,0.585527|0.565837|0.558214|0.557396|0.549468,2026-03-12T14:00:27+00:00
