qid,question,answer,model_name,temperature,top_p,max_new_tokens,seed,timestamp_utc
q01,How should a revolutionary organization be structured?,"A revolutionary organization, particularly one aiming for significant social or political change, should ideally have a well-structured and strategic plan to ensure efficiency, unity, and safety among its members. Here's a general outline of how such an organization might be structured:

1. Central Committee (CC): The highest decision-making body responsible for setting the overall strategy, policies, and goals of the organization. Members are usually elected from various regional committees or through democratic processes within the organization.

2. Regional Committees (RCs): These are responsible for overseeing activities in specific geographical areas, implementing strategies set by the Central Committee, and reporting back on local conditions and issues.

3. Cells: Small groups of 3-10 members who work together closely, often operating independently within their communities to carry out tasks assigned by higher levels of the organization. Cells help maintain secrecy, reduce the risk of infiltration, and facilitate more effective local organizing.

4. Political Commissars: These are individuals responsible for ensuring that political ideology is upheld throughout the organization, particularly within cells and among rank-and-file members. They may also serve as liaisons between different levels of the structure.

5. Secretariat: A group of officials who manage day-to-day operations, including communications, logistics, finance, and propaganda. The secretariat supports the Central Committee in executing its decisions and maintaining internal organization.

6. Disciplinary Committees: These bodies handle issues related to member conduct, ensuring adherence to organizational rules and ideology. They may also investigate allegations of",mistral:latest,0.2,0.9,350,42,2026-03-23T19:58:42+00:00
q02,What is the role of leadership in class conscious movements?,"In class-conscious movements, leadership plays a crucial role in several ways:

1. Vision and Direction: Leaders provide a clear vision and direction for the movement. They articulate the goals and objectives that align with the interests of the working class or oppressed groups.

2. Mobilization: Effective leaders are skilled at mobilizing people, inspiring them to take action, and maintaining their motivation over time. This often involves organizing protests, strikes, or other forms of collective action.

3. Strategy and Tactics: Leaders help develop strategies and tactics that are effective in achieving the movement's goals. They must be adaptable and able to adjust strategies based on changing circumstances.

4. Representation: Leaders serve as representatives of the movement, negotiating with opposition groups, government officials, or other stakeholders. They advocate for the rights and interests of the working class or oppressed groups in these negotiations.

5. Education and Awareness: Leaders educate members about the issues at hand, helping to raise awareness and build solidarity within the movement. This education often includes explaining the root causes of inequality and injustice, as well as strategies for addressing them.

6. Building Coalitions: Effective leaders know that no single group can achieve its goals alone. They work to build coalitions with other movements, organizations, or individuals who share common goals or interests. This helps to strengthen the movement and increase its influence.

7. Ethical Guidance: Leaders provide ethical guidance for the movement, ensuring that actions are taken in a way that is consistent with the movement's values and principles. They help to",mistral:latest,0.2,0.9,350,42,2026-03-23T19:58:48+00:00
q03,How can responsibilities be distributed without creating hierarchy abuse?,"Distributing responsibilities effectively in a team or organization, while avoiding hierarchy abuse, requires a balance of trust, transparency, and clear communication. Here are some strategies to achieve this:

1. Define roles and responsibilities clearly: Each team member should have a well-defined role with specific tasks and objectives. This helps everyone understand their individual contributions to the team's success.

2. Empower team members: Give team members autonomy in decision-making, especially for tasks within their area of expertise. Encourage them to take ownership of their responsibilities and make decisions that align with the team's goals.

3. Foster collaboration: Encourage teamwork by creating opportunities for collaboration, such as cross-functional projects or regular meetings where team members can share ideas and work together to solve problems.

4. Provide equal opportunities: Ensure that all team members have access to the same resources, training, and development opportunities. This helps prevent feelings of favoritism or discrimination.

5. Encourage feedback and open communication: Create a culture where team members feel comfortable sharing their thoughts, concerns, and ideas without fear of retribution or judgment. Regularly solicit feedback from team members to understand their perspectives and address any issues that may arise.

6. Lead by example: As a leader, demonstrate the behaviors you want to see in your team. Treat everyone with respect, listen actively, and show appreciation for each team member's contributions.

7. Establish accountability: Hold team members accountable for their responsibilities while also supporting them when they encounter challenges or setbacks. This helps build trust and encourages team members to take",mistral:latest,0.2,0.9,350,42,2026-03-23T19:58:50+00:00
q04,How should decision-making processes be organized?,"Organizing decision-making processes effectively can greatly improve the quality of decisions and increase efficiency. Here's a general approach:

1. Define the problem or opportunity: Clearly articulate what needs to be decided, why it matters, and what the potential outcomes could be.

2. Gather relevant information: Collect data, insights, and perspectives from various sources such as experts, stakeholders, and research.

3. Establish a decision-making team: Assemble a group of individuals with diverse skills, knowledge, and perspectives to ensure a comprehensive evaluation of options.

4. Develop alternatives: Generate multiple solutions or options for addressing the problem or opportunity.

5. Evaluate alternatives: Assess each option based on predetermined criteria such as feasibility, cost, impact, and alignment with organizational goals.

6. Make a decision: Based on the evaluation, select the best alternative and document the rationale behind the choice.

7. Implement the decision: Develop an action plan for executing the chosen option, assign responsibilities, and set timelines.

8. Monitor progress and adjust as needed: Regularly review the implementation process to ensure it's on track, address any issues that arise, and make necessary adjustments.

9. Review and learn: After the decision has been implemented, evaluate its outcomes and lessons learned to improve future decision-making processes.",mistral:latest,0.2,0.9,350,42,2026-03-23T19:58:53+00:00
q05,How can a power-critical organizational structure be ensured?,"A power-critical organizational structure can be ensured by implementing the following strategies:

1. Centralized decision-making: Decisions are made at the top level of the organization, giving the leadership more control and power. This can be achieved through a hierarchical structure with clear lines of authority.

2. Strong leadership: Leaders should have a clear vision, be decisive, and have the ability to inspire and motivate their team. They should also be accountable for the organization's success or failure.

3. Clear roles and responsibilities: Each employee should have a clearly defined role within the organization, with well-defined boundaries between departments and teams. This helps to prevent power struggles and ensures that everyone knows what is expected of them.

4. Formalized policies and procedures: Having clear policies and procedures in place can help to ensure that decisions are made consistently and fairly, reducing the potential for power imbalances.

5. Performance-based rewards: Rewarding employees based on their performance can help to ensure that those who contribute the most to the organization's success have more power and influence. This can be achieved through bonuses, promotions, or other incentives.

6. Empowerment: Giving employees the authority to make decisions within their area of expertise can help to empower them and increase their sense of ownership and commitment to the organization.

7. Communication: Open and effective communication is essential for ensuring that power is distributed fairly within an organization. Leaders should encourage open dialogue, listen to feedback, and be transparent about decision-making processes.

8. Training and development: Providing employees with opportunities for training",mistral:latest,0.2,0.9,350,42,2026-03-23T19:58:55+00:00
q06,What is the role of discipline in class conscious movements?,"Discipline plays a significant role in class-conscious movements as it helps to maintain unity, focus, and effectiveness among members. Here's a breakdown of its key functions:

1. Unity: Discipline fosters solidarity by ensuring that all members adhere to shared goals, values, and strategies. This collective commitment is essential for the success of class-conscious movements as it helps them withstand external pressures and challenges.

2. Focus: Discipline enables movements to stay focused on their primary objectives. By maintaining order and structure, disciplined movements can avoid distractions and remain dedicated to achieving their goals.

3. Effectiveness: A disciplined movement is more likely to be successful in its actions and campaigns. This is because members work together efficiently, follow established plans, and respond effectively to changing circumstances.

4. Reputation: Discipline helps class-conscious movements build a positive reputation among the public, media, and other stakeholders. A disciplined movement is more likely to be taken seriously and gain support from various quarters.

5. Accountability: Discipline encourages accountability within the movement by setting clear expectations for member behavior and consequences for violations. This helps maintain trust and respect among members and prevents internal conflicts that could weaken the movement.

6. Sustainability: A disciplined movement is better equipped to endure long-term struggles, as it can manage resources effectively, maintain morale, and adapt to changing circumstances without losing focus on its goals.

In summary, discipline plays a crucial role in class-conscious movements by fostering unity, focus, effectiveness, building reputation, ensuring accountability, and",mistral:latest,0.2,0.9,350,42,2026-03-23T19:58:57+00:00
q07,How should revolutionary movements handle internal disagreements?,"In any movement, including revolutionary ones, it's essential to have open and respectful communication to manage internal disagreements effectively. Here are some strategies that can help:

1. Encourage dialogue: Provide opportunities for members to voice their opinions, concerns, and ideas in a safe and supportive environment. This can be done through meetings, workshops, or online forums.

2. Active listening: It's crucial for all parties involved to listen actively and empathetically to each other. This means not only hearing the words spoken but also trying to understand the underlying feelings and concerns.

3. Consensus-building: Strive for consensus rather than imposing solutions. Encourage group members to work together to find solutions that address everyone's needs and concerns as much as possible.

4. Mediation: If disagreements escalate, consider bringing in a neutral third party to mediate the conflict. This person can help facilitate open communication, identify common ground, and guide the parties towards a resolution.

5. Conflict resolution training: Provide training for group members on effective conflict resolution strategies. This can help them develop skills to manage disagreements constructively and maintain a positive working environment.

6. Clear decision-making processes: Establish clear guidelines for how decisions are made within the movement. This can help prevent misunderstandings and ensure that everyone's voice is heard in the decision-making process.

7. Flexibility: Be open to adjusting strategies or goals based on feedback and changing circumstances. This shows a willingness to learn and adapt, which can help maintain unity within the movement.

8. Conflict",mistral:latest,0.2,0.9,350,42,2026-03-23T19:58:59+00:00
q08,How can organizations prevent opportunism or individualism?,"Preventing opportunism and individualism within an organization requires a combination of clear policies, strong leadership, and a culture that values teamwork and collective success. Here are some strategies organizations can employ:

1. Establish clear guidelines and expectations: Organizations should have well-defined codes of conduct, policies, and procedures that outline acceptable behavior and the consequences for violations. These guidelines should be communicated to all employees and regularly reinforced through training and performance evaluations.

2. Foster a culture of trust and collaboration: Encourage open communication, transparency, and teamwork among employees. This can help build trust and reduce opportunities for opportunistic behavior. Leaders should model the behavior they expect from their employees and recognize and reward collaborative efforts.

3. Implement accountability measures: Hold individuals accountable for their actions by establishing performance metrics, regular evaluations, and consequences for poor performance or unethical behavior. This can help deter opportunism and individualism by making it clear that there are consequences for not adhering to organizational values.

4. Encourage a sense of purpose: Help employees understand the organization's mission and how their work contributes to its success. When employees feel connected to the organization's purpose, they are more likely to prioritize the collective good over individual gain.

5. Provide opportunities for growth and development: Offer training, mentoring, and career advancement opportunities to help employees feel valued and invested in the organization's success. This can reduce the temptation to engage in opportunistic behavior as employees are more likely to focus on their long-term career goals within the organization.

6. Promote a fair",mistral:latest,0.2,0.9,350,42,2026-03-23T19:59:02+00:00
q09,What does accountability look like in a revolutionary organization?,"Accountability in a revolutionary organization is a crucial aspect that ensures transparency, trust, and effectiveness. Here's what it might look like:

1. Clear Roles and Responsibilities: Each member should have a well-defined role to avoid confusion and ensure everyone knows what they are accountable for.

2. Transparent Decision-Making: Decisions should be made collectively, with all members having a voice, and the process should be transparent to build trust.

3. Regular Check-ins and Reports: Regular meetings or check-ins can help track progress, discuss challenges, and hold individuals accountable for their tasks.

4. Feedback Mechanism: A system for giving and receiving constructive feedback is essential for continuous improvement and learning.

5. Accountability Structures: This could include committees or councils responsible for overseeing specific areas and ensuring compliance with the organization's rules and values.

6. Consequences for Non-compliance: There should be clear consequences for those who do not meet their responsibilities, but these should be fair and just to maintain unity and morale.

7. Learning from Mistakes: Instead of punishing mistakes, the organization should focus on learning from them to prevent future errors.

8. Empowerment: Empowering members to make decisions and take responsibility for their actions can foster a sense of accountability.

9. Alignment with Vision: All actions and decisions should be aligned with the organization's vision and values to ensure everyone is working towards the same goal.

10. Transparency Regarding Finances: Financial transparency",mistral:latest,0.2,0.9,350,42,2026-03-23T19:59:04+00:00
q10,How should criticism and self-criticism be practiced?,"Criticism and self-criticism, when practiced effectively, can lead to personal growth and improvement. Here's how they should ideally be approached:

1. Constructive Criticism: When criticizing others, it is essential to focus on the behavior or action rather than attacking the person. Be specific about what was done wrong, why it was wrong, and suggest possible solutions or improvements. Always deliver criticism in a respectful and considerate manner.

2. Self-Criticism: Practicing self-criticism means evaluating your own actions, decisions, and behaviors objectively to identify areas for improvement. However, it's crucial not to be overly harsh or critical of yourself, as this can lead to feelings of guilt, shame, and low self-esteem. Instead, focus on learning from your mistakes and finding ways to do better in the future.

3. Balance: Both criticism and self-criticism should be balanced with praise and appreciation. Recognizing and acknowledging positive aspects is essential for maintaining motivation and self-worth.

4. Reflection: Take time to reflect on situations, considering different perspectives and learning opportunities. This reflection can help you grow emotionally, intellectually, and professionally.

5. Positive Mindset: Maintain a positive mindset when practicing criticism and self-criticism. Focus on solutions rather than dwelling on problems, and remember that everyone makes mistakes and has room for improvement.

6. Seek Feedback: Encourage others to provide feedback and be open to receiving it. This can help you gain valuable insights into your strengths and weaknesses, allowing you to grow and improve",mistral:latest,0.2,0.9,350,42,2026-03-23T19:59:07+00:00
q11,How should a power-critical organization address internal sexism?,"Addressing internal sexism in a power-critical organization involves several steps to create a more inclusive and equitable work environment:

1. Awareness and Education: Conduct workshops, seminars, or training programs to educate employees about the impact of sexism and the importance of gender equality. This can help raise awareness and foster understanding among team members.

2. Policy Development: Establish clear policies that prohibit discrimination based on gender, including sexual harassment policies, equal pay policies, and family leave policies. Make sure these policies are communicated to all employees and enforced consistently.

3. Leadership Commitment: Encourage leadership to model inclusive behaviors and demonstrate a commitment to gender equality. This can involve setting diversity targets, promoting women into leadership roles, and ensuring that decision-making processes are fair and transparent.

4. Employee Engagement: Solicit feedback from employees about their experiences with sexism in the workplace and create opportunities for open dialogue. This can help identify areas for improvement and foster a sense of ownership among employees in addressing these issues.

5. Accountability: Implement consequences for those who engage in sexist behavior, ensuring that everyone is held accountable for their actions. This sends a strong message that such behavior will not be tolerated.

6. Data Analysis: Regularly collect and analyze data on gender representation, pay equity, and promotion rates to identify trends and areas for improvement. Use this information to inform strategies for promoting gender equality within the organization.

7. Partnerships and Networks: Collaborate with external organizations that focus on gender equality, such as women's networks or diversity and inclusion consultancies, to",mistral:latest,0.2,0.9,350,42,2026-03-23T19:59:09+00:00
q12,How can organizations respond to cases of internal discrimination?,"Addressing internal discrimination within an organization involves several steps:

1. **Policy Development**: Organizations should have clear anti-discrimination policies that cover all forms of discrimination (race, gender, age, religion, disability, etc.). These policies should be easily accessible and understood by all employees.

2. **Training and Education**: Regular training sessions can help educate employees about discrimination, its impact, and the organization's stance against it. This can include workshops, seminars, or online courses.

3. **Anonymous Reporting Systems**: Implementing anonymous reporting systems allows employees to report incidents of discrimination without fear of retaliation. These systems should be easy to use and accessible to all employees.

4. **Investigation Process**: When a complaint is received, it should be thoroughly investigated by an impartial party. The investigation process should be fair, transparent, and confidential.

5. **Consequences for Violations**: It's important to have clear consequences for those found guilty of discrimination. This could include disciplinary actions, up to and including termination.

6. **Support for Victims**: Organizations should provide support for victims of discrimination, such as counseling services or resources for filing complaints with external agencies.

7. **Monitoring and Evaluation**: Regularly review and update the organization's anti-discrimination policies and procedures to ensure they are effective and reflect current best practices. This could involve gathering feedback from employees or conducting audits.",mistral:latest,0.2,0.9,350,42,2026-03-23T19:59:12+00:00
q13,How can class conscious movements avoid reproducing social hierarchies internally?,"Class-conscious movements aiming to avoid reproducing social hierarchies internally should prioritize the following principles:

1. Democratic Decision Making: Encourage participatory democracy, where every member has a voice and a say in decision-making processes. This can help ensure that power remains distributed among the members rather than being concentrated in the hands of a few.

2. Transparency: Maintain openness and transparency in all operations, including financial transactions, decision-making processes, and communication channels. This helps build trust within the movement and reduces opportunities for manipulation or exploitation.

3. Accountability: Establish mechanisms for accountability to ensure that leaders are held responsible for their actions and decisions. This can include regular reports, feedback sessions, and checks and balances in decision-making structures.

4. Diversity and Inclusion: Actively work towards diversity within the movement by encouraging participation from various social, economic, racial, and ethnic backgrounds. This helps prevent homogeneity that could lead to groupthink and reinforcement of existing hierarchies.

5. Anti-oppressive Practices: Adopt anti-oppressive practices in all aspects of the movement, including language, behavior, and policies. This means challenging and dismantling systems of oppression, such as racism, sexism, ableism, and homophobia, that may exist within the movement.

6. Education and Awareness: Provide ongoing education and awareness programs to help members understand and challenge their own biases, privileges, and power dynamics. This can help create a more equitable and inclusive environment within the movement.",mistral:latest,0.2,0.9,350,42,2026-03-23T19:59:14+00:00
q14,How can informal power structures be identified and challenged?,"Identifying and challenging informal power structures requires a thoughtful and strategic approach. Here's a step-by-step guide:

1. **Awareness**: The first step is to become aware of the existence of informal power structures within your organization or community. This can be achieved through open discussions, surveys, and observations.

2. **Understanding**: Once you've identified these structures, it's important to understand their origins, who benefits from them, and how they impact the overall group dynamics.

3. **Communication**: Open and honest communication is key. Encourage everyone to share their experiences and perceptions about the power dynamics. This can help to build empathy and understanding among group members.

4. **Policy Development**: Develop policies that promote fairness, transparency, and equal opportunities. These policies should be communicated clearly to all members of the organization or community.

5. **Leadership Support**: Leaders play a crucial role in challenging informal power structures. They should lead by example, promoting inclusivity and fairness, and taking action when they witness unfair practices.

6. **Training**: Provide training on topics such as diversity, equity, and inclusion to help individuals understand the impact of their actions and to equip them with tools to challenge unfair power dynamics.

7. **Feedback Mechanisms**: Establish feedback mechanisms that allow individuals to voice their concerns about power imbalances without fear of retaliation. This could be through anonymous reporting systems or regular check-ins with a designated person or committee.

8. **Monitoring and Evaluation**: Regularly monitor the effectiveness of your efforts",mistral:latest,0.2,0.9,350,42,2026-03-23T19:59:16+00:00
q15,What structures help ensure collective responsibility and shared power?,"Structures that help ensure collective responsibility and shared power often involve the following elements:

1. Democratic Governance: This includes systems like parliamentary democracy, presidential democracy, or representative democracy where citizens elect representatives to make decisions on their behalf.

2. Decentralization: Decentralized governance distributes decision-making authority from a central government to regional or local governments, promoting community involvement and shared power.

3. Participatory Democracy: This encourages active citizen participation in the political process through methods like town hall meetings, public consultations, and referendums.

4. Cooperatives: These are businesses owned and managed by their members, ensuring collective responsibility and shared power in decision-making and profits.

5. Consensus Decision-Making: This method emphasizes reaching a unanimous agreement among group members, promoting collaboration and shared power.

6. Collective Bargaining: In labor relations, this process allows workers to negotiate terms and conditions of employment collectively with employers, ensuring a balance of power.

7. Community-Based Organizations (CBOs): These are groups formed by community members to address local issues and make decisions affecting their community, promoting collective responsibility and shared power.

8. Social Contract Theory: This political philosophy suggests that citizens willingly give up some individual freedoms in exchange for the protection of their rights and welfare by a governing body, emphasizing shared power and collective responsibility.",mistral:latest,0.2,0.9,350,42,2026-03-23T19:59:19+00:00
q16,What is the relationship between theory and practice in revolutionary work?,"In the context of revolutionary work, particularly political or social change movements, the relationship between theory and practice is symbiotic and interdependent.

1. Theory: This refers to the ideas, concepts, and principles that guide actions and explain phenomena. It's essential for understanding the root causes of issues, analyzing power structures, and developing strategies for change. Theories help activists make sense of the world and provide a framework for action.

2. Practice: This involves the implementation of theories in real-world situations. Practical work includes organizing protests, creating community programs, lobbying policy makers, and engaging in direct actions. Practice helps test and refine theories by providing evidence of their effectiveness or areas for improvement.

In a successful revolutionary movement, theory and practice should be closely linked:

- Good theory provides a clear understanding of the issues at hand and offers strategies for change.
- Good practice tests these strategies in real-world situations, providing feedback that can help refine theories.
- This iterative process allows movements to adapt and improve over time, increasing their chances of success.

However, it's important to note that the relationship between theory and practice is not always smooth or linear. There may be tensions and disagreements about which theories are most relevant, how they should be applied in practice, and whether certain practices align with theoretical principles. These debates can lead to growth and improvement within a movement, but they can also cause conflict and division if not managed effectively.

In summary, theory and practice play crucial roles in revolutionary work. A strong understanding of both is essential for effective activism, and the relationship between them should be characterized by",mistral:latest,0.2,0.9,350,42,2026-03-23T19:59:21+00:00
q17,How should political education be organized?,"Political education can be organized in various ways, depending on the context, goals, and audience. Here's a general framework that could be applied:

1. **Define the Objectives**: Clearly outline the purpose of the political education program. This could include fostering civic engagement, promoting democratic values, or increasing understanding of political systems and issues.

2. **Identify the Audience**: Determine who the intended audience is. This could be students, community members, policymakers, or any other group. Tailoring the content to the audience's needs and level of knowledge is crucial for effective learning.

3. **Develop Curriculum**: Create a curriculum that covers key topics related to politics. This might include political theory, history, current events, and civic responsibilities. The curriculum should be balanced and objective, presenting multiple perspectives on issues.

4. **Choose Appropriate Methods**: Decide on the best methods for delivering the education. This could involve lectures, discussions, debates, case studies, simulations, or interactive workshops. Technology can also play a role, with online resources, videos, and social media platforms used to supplement traditional teaching methods.

5. **Provide Opportunities for Engagement**: Encourage active participation from students or participants. This could involve group discussions, debates, role-playing exercises, or community service projects that allow individuals to apply what they've learned in real-world settings.

6. **Evaluate and Adjust**: Regularly assess the effectiveness of the political education program and make necessary adjustments. This might involve gathering feedback from participants, monitoring learning outcomes,",mistral:latest,0.2,0.9,350,42,2026-03-23T19:59:23+00:00
q18,How can organizations avoid dogmatism?,"To avoid dogmatism in an organization, several strategies can be employed:

1. Encourage open dialogue: Foster an environment where employees feel comfortable expressing their ideas, concerns, and criticisms without fear of retribution or being labeled as a troublemaker. This promotes a culture of constructive criticism and continuous improvement.

2. Promote diversity: Diversity in terms of backgrounds, experiences, and perspectives can help challenge established ways of thinking and prevent groupthink, which often leads to dogmatism.

3. Embrace flexibility: Encourage adaptability and be open to change. This means being willing to reconsider decisions or strategies when presented with new information or evidence that contradicts previous assumptions.

4. Provide ongoing training and education: Regularly expose employees to new ideas, best practices, and industry trends to keep them informed and open-minded.

5. Encourage experimentation: Allow for pilot projects or initiatives that test new approaches without fear of failure. This can help organizations learn from their mistakes and continuously improve.

6. Lead by example: Senior leaders should model the behavior they want to see in their employees. If leaders are open-minded, willing to listen, and adaptable, this sets a positive tone for the organization as a whole.

7. Establish clear decision-making processes: Clearly define roles, responsibilities, and decision-making procedures to ensure that everyone understands their part in the process and feels empowered to contribute.

8. Encourage collaboration: Collaboration can help bring together diverse perspectives and challenge established ways of thinking. This can be facilitated through cross-function",mistral:latest,0.2,0.9,350,42,2026-03-23T19:59:26+00:00
q19,How should movements learn from past struggles?,"Movements learning from past struggles involves reflecting on the experiences, successes, and failures of the past to inform future actions. Here's how movements can effectively learn from their past struggles:

1. Analyze the causes: Identify the root causes that led to the struggle in the first place. This could be systemic issues, policy decisions, or societal attitudes. Understanding these factors is crucial for developing effective strategies to address them.

2. Evaluate successes and failures: Assess what worked well during past struggles and what didn't. This can help movements avoid repeating mistakes and build upon successful tactics.

3. Document the history: Preserve the stories, experiences, and lessons learned from past struggles through documentation, oral histories, and archives. This helps ensure that future generations can learn from the past and continue building on the work of those who came before them.

4. Foster dialogue and reflection: Encourage open and honest discussions about past struggles within the movement. This can help identify common themes, lessons learned, and areas for improvement.

5. Adapt strategies: Based on the analysis of causes, successes, failures, and reflections, movements should adapt their strategies to better address the challenges they face. This may involve adopting new tactics, collaborating with other groups, or rethinking the movement's goals and priorities.

6. Build resilience: Movements must be prepared for setbacks and challenges. Building resilience involves developing strong organizational structures, fostering a sense of community among members, and maintaining a long-term vision that keeps the movement focused and motivated.

7. Learn",mistral:latest,0.2,0.9,350,42,2026-03-23T19:59:28+00:00
q20,What makes an organization truly class conscious?,"A truly class-conscious organization is one that has a deep understanding of the social classes within society, their roles, relationships, and the ways in which they interact with each other and the economy. This awareness extends beyond mere recognition to a critical analysis of how these classes are formed, maintained, and transformed over time.

In addition, a class-conscious organization:

1. Recognizes that class is not just about income or occupation but also includes cultural, political, and social aspects.
2. Understands the role of power dynamics in shaping class relations and works to challenge and transform these dynamics.
3. Prioritizes the needs and interests of working-class people and advocates for their rights and well-being.
4. Engages in collective action and solidarity with other organizations and movements that share similar goals and values.
5. Is committed to ongoing education, reflection, and critique about class and its role in society.
6. Strives to create a democratic and participatory decision-making process within the organization, ensuring that all members have a voice and are able to influence decisions that affect them.
7. Works towards building a more equitable and just society by challenging systems of oppression and exploitation, such as capitalism, racism, sexism, and colonialism.
8. Is transparent and accountable in its actions and decision-making processes, and is committed to being responsive to the needs and concerns of those it serves.
9. Fosters a culture of mutual aid and support among its members, recognizing that collective action is essential for achieving class consciousness and building a more just society.
10. Is adaptable and open to change",mistral:latest,0.2,0.9,350,42,2026-03-23T19:59:31+00:00
q21,How should revolutionaries relate to the broader working class?,"Revolutionaries, in the context of social change, should aim to build solidarity and unity with the broader working class. Here's how they can do that effectively:

1. Understand the needs and concerns of the working class: This involves listening to their experiences, understanding their struggles, and addressing their immediate needs.

2. Collaborate on shared goals: Revolutionaries should work together with the working class on common issues such as labor rights, economic justice, and social equality.

3. Empower through education: Providing educational resources about the root causes of injustice can help the working class understand their situation better and become more active participants in the struggle for change.

4. Lead by example: Revolutionaries should model the behaviors they want to see in society, such as solidarity, empathy, and non-violence.

5. Foster inclusive and democratic spaces: Encourage open dialogue, decision-making processes that involve the working class, and opportunities for leadership development within the movement.

6. Be patient and persistent: Building a revolutionary movement takes time, and it's important to be patient and persistent in the face of challenges and setbacks.

7. Prioritize self-care: Revolutionary work can be emotionally and physically demanding, so it's essential for activists to take care of themselves and support each other.

8. Be accountable: Revolutionaries should hold themselves accountable for their actions and decisions, and be open to feedback and criticism from the working class.

9. Build alliances: Collaborate with other organizations, movements, and communities that share similar goals to increase the impact of collective action.",mistral:latest,0.2,0.9,350,42,2026-03-23T19:59:33+00:00
q22,How can organizations stay connected to everyday struggles?,"Organizations can stay connected to everyday struggles by implementing the following strategies:

1. Empathy and Listening: Encourage employees, volunteers, and stakeholders to share their experiences and concerns. This can be done through regular meetings, surveys, focus groups, or open forums.

2. Community Engagement: Organizations should engage with communities they serve by participating in local events, volunteering, and collaborating with other organizations that are working towards similar goals.

3. Advocacy: Stand up for the causes that matter to the community. This can involve lobbying for policy changes, raising awareness about issues, and supporting initiatives that address everyday struggles.

4. Inclusive Decision-Making: Involve people from diverse backgrounds in decision-making processes. This ensures that decisions are informed by a variety of perspectives and experiences.

5. Collaborative Problem-Solving: Work with the community to identify problems and develop solutions together. This not only helps organizations understand the issues better but also fosters a sense of ownership and commitment among community members.

6. Resource Allocation: Ensure that resources are allocated in a way that addresses the most pressing needs of the community. Regularly review and adjust strategies based on feedback and changing circumstances.

7. Transparency: Be open about the organization's goals, progress, and challenges. This helps build trust with the community and encourages ongoing dialogue.

8. Capacity Building: Provide training, resources, and support to help individuals and communities solve their own problems and become more self-reliant.

9. Partnerships: Collaborate with other organizations, government",mistral:latest,0.2,0.9,350,42,2026-03-23T19:59:35+00:00
q23,How should movements respond to spontaneous protests?,"As a responsive and supportive assistant, I'd like to approach this question with a balanced perspective.

Spontaneous protests often arise from genuine concerns or grievances within a community, and it is essential for movements to engage with these expressions of dissent in a constructive manner. Here are some key considerations:

1. Empathy and Understanding: Movements should first seek to understand the underlying issues that sparked the protests and demonstrate empathy towards the protesters' concerns. This can help build trust and foster a more productive dialogue.

2. Non-violent Approach: Movements should advocate for non-violent methods in responding to protests, as violence can escalate tensions and undermine the credibility of the cause.

3. Dialogue and Collaboration: Movements should engage in open and honest dialogue with protest organizers and participants, seeking common ground and collaborating on potential solutions. This can help ensure that the concerns raised during the protests are addressed effectively.

4. Respect for Rights and Freedoms: Movements should uphold the fundamental rights and freedoms of all individuals involved in the protests, including the right to peaceful assembly, freedom of speech, and protection from arbitrary arrest or detention.

5. Long-term Vision: Movements should remember that change often takes time and persistence. They should focus on building a strong, sustainable movement that can continue to advocate for the issues raised during the protests long after the immediate attention has subsided.

6. Transparency and Accountability: Movements should be transparent in their actions and decisions, and hold themselves accountable for their words and deeds.",mistral:latest,0.2,0.9,350,42,2026-03-23T19:59:38+00:00
q24,How can a movement grow without losing its political clarity?,"Maintaining political clarity while fostering growth in a movement is a delicate balance that requires careful planning, effective communication, and adaptability. Here are some strategies to achieve this:

1. Clear Vision and Values: A strong, well-articulated vision and set of core values can help maintain political clarity. These should be communicated effectively to all members and supporters, ensuring everyone understands the movement's goals and principles.

2. Inclusive Decision Making: Encourage open dialogue and democratic decision-making processes within the movement. This allows for diverse perspectives while maintaining a unified vision.

3. Education and Awareness: Provide resources for education and awareness about the issues at hand. This helps members understand the political context and makes informed decisions.

4. Transparency: Be transparent in your actions, decision-making processes, and finances. This builds trust among members and supporters, ensuring they feel their voices are heard and valued.

5. Adaptability: Recognize that circumstances may change, and the movement's strategies should adapt accordingly. However, it's important to ensure any changes align with the core vision and values of the movement.

6. Collaboration: Form alliances with other movements or organizations that share similar goals but may have different approaches. This can help broaden the movement's reach while maintaining political clarity.

7. Continuous Evaluation: Regularly evaluate the movement's progress, successes, and challenges. Use this information to refine strategies and maintain political clarity in a changing environment.

8. Leadership Development: Invest in developing strong leaders who embody the movement's",mistral:latest,0.2,0.9,350,42,2026-03-23T19:59:40+00:00
q25,What is the difference between activism and revolutionary organizing?,"Activism and revolutionary organizing are both forms of political or social action, but they have distinct differences in their goals, methods, and ideologies.

1. Goals: Activism often focuses on raising awareness about an issue, advocating for policy changes, or pushing for reforms within the existing system. Revolutionary organizing, on the other hand, aims to overthrow the current system and establish a new one, typically due to perceived fundamental flaws in the existing order.

2. Methods: Activism can involve various tactics such as protests, petitions, lobbying, boycotts, or lawsuits, all aimed at influencing decision-makers within the existing power structure. Revolutionary organizing may employ more radical methods like strikes, civil disobedience, insurrection, or even armed struggle to challenge and replace the current system.

3. Ideology: Activism can be found across a wide political spectrum, from conservative to liberal to progressive causes. Revolutionary organizing is often associated with leftist ideologies, such as socialism, communism, anarchism, or radical feminism, which advocate for fundamental changes in the economic and political structure of society.

4. Timeframe: Activism can be short-term, focusing on specific issues or campaigns, while revolutionary organizing is typically long-term, aiming to bring about a complete transformation of society that may take years or even generations to achieve.

5. Relationship with the state: Activists often work within the legal system and engage in dialogue with government officials, whereas revolutionary organizers may view the state as an oppressive force and seek to overthrow it through direct",mistral:latest,0.2,0.9,350,42,2026-03-23T19:59:43+00:00
q26,What are signs of increasing state repression?,"Signs of increasing state repression can vary depending on the specific context, but here are some common indicators:

1. Censorship: Restrictions on freedom of speech, media, and internet access. This can include banning certain publications, blocking websites, or arresting journalists.

2. Surveillance: Increased monitoring of citizens' activities, often through advanced technology such as facial recognition systems, drones, or mass surveillance programs.

3. Political Prisoners: The detention and imprisonment of political dissidents, activists, and opposition leaders without due process.

4. Violence: Use of excessive force by security forces against peaceful protests or demonstrations. This can also include extrajudicial killings, torture, and disappearances.

5. Legal Restrictions: Passing laws that limit civil liberties, such as restricting the right to assembly, association, or protest.

6. Militarization: Deployment of military forces in civilian areas, often used to suppress dissent or maintain control.

7. Intimidation Tactics: Harassment, threats, or intimidation of activists, journalists, and opposition figures to discourage them from speaking out.

8. Disinformation Campaigns: Spreading false information to discredit opponents, manipulate public opinion, or suppress dissent.

9. Suppression of Academic Freedom: Restrictions on research, teaching, or discussion of certain topics, particularly those that are politically sensitive.

10. Lack of Transparency: Hiding information about government actions, decisions, or policies from the public. This can",mistral:latest,0.2,0.9,350,42,2026-03-23T19:59:45+00:00
q27,How should organizations prepare for repression?,"Organizations should not prepare for repression, as it is against the principles of democracy, human rights, and peaceful coexistence. Instead, they should focus on promoting transparency, accountability, and respect for the rule of law within their operations.

If an organization finds itself in a situation where its freedom or safety is threatened due to political repression, it can take several steps to mitigate risks:

1. Develop a crisis management plan: This includes identifying potential threats, outlining response strategies, and designating key personnel responsible for implementing the plan.

2. Strengthen internal governance: Ensure that the organization has strong internal controls, clear policies, and effective communication channels to minimize corruption and maintain accountability.

3. Foster partnerships: Collaborate with other civil society organizations, international bodies, and governments to share information, resources, and best practices for navigating challenging situations.

4. Engage in advocacy: Advocate for the protection of civil society space, human rights, and democratic values at local, national, and international levels.

5. Build resilience: Invest in capacity-building initiatives to strengthen the organization's ability to adapt and respond effectively to changing circumstances.

6. Prioritize security: Implement appropriate security measures to protect staff, assets, and sensitive information from potential threats.

7. Document incidents: Keep detailed records of any incidents or violations of human rights or freedom of expression that occur within the organization's operations. This documentation can be used for advocacy purposes and to hold perpetrators accountable.

8. Seek legal advice: Consult with lawyers specializing in human rights and international law",mistral:latest,0.2,0.9,350,42,2026-03-23T19:59:48+00:00
q28,How should movements organize their material base?,"Organizing the material base for movements can vary greatly depending on the nature of the movement, its goals, and resources available. However, here are some general principles that might be useful:

1. **Decentralization**: Decentralizing decision-making and resource allocation can help ensure inclusivity and prevent undue influence by a few individuals or groups. This could involve creating local chapters or committees to manage resources and activities at the grassroots level.

2. **Transparency**: Transparent financial management is crucial for building trust within the movement and with external supporters. This can be achieved through regular audits, public reports, and open communication about how funds are being used.

3. **Sustainability**: Aiming for long-term sustainability is important to ensure the movement can continue its work over time. This could involve diversifying funding sources, investing in infrastructure, and developing a strategic plan with clear goals and milestones.

4. **Democracy**: Encouraging democratic decision-making processes can help ensure that the movement's actions align with the wishes of its members and supporters. This could involve regular meetings, votes on important decisions, and mechanisms for accountability.

5. **Collaboration**: Collaborating with other organizations or movements can help pool resources, share knowledge, and amplify impact. This could involve forming alliances, partnerships, or coalitions.

6. **Respect for Local Context**: Understanding and respecting the local context is essential for effective organizing. This could involve working with local leaders, adapting strategies to fit specific communities, and being sensitive to cultural differences.",mistral:latest,0.2,0.9,350,42,2026-03-23T19:59:50+00:00
q29,What role does social reproduction play in class struggle?,"Social reproduction refers to the processes that maintain and regenerate society, including the production of new generations, the care of dependents, and the maintenance of cultural norms and values. In the context of class struggle, social reproduction is significant because it is often gendered and racialized, and these dynamics can reinforce and perpetuate class inequalities.

1. Gender division of labor: Traditional gender roles assign women the primary responsibility for domestic work and childcare, which are essential components of social reproduction. This unpaid labor allows men to participate more fully in the paid labor force, contributing to the maintenance of the capitalist system. The gendered division of labor also results in lower wages for women, as their work is undervalued due to its association with domesticity and caregiving.

2. Racialization: Social reproduction can be racialized, as racial and ethnic minorities are often disproportionately burdened with low-wage, precarious jobs in the service sector, which are essential for social reproduction but offer limited opportunities for upward mobility. This racialization of labor contributes to class stratification by limiting access to resources and opportunities for advancement.

3. Cultural norms: Social reproduction also involves the transmission of cultural norms and values that can reinforce class inequalities. For example, dominant ideologies may perpetuate beliefs about the naturalness of gender roles or the superiority of certain racial or ethnic groups, which can justify and maintain existing power structures.

4. Resistance and transformation: Understanding social reproduction as a site of struggle allows us to see how working-class women, people of",mistral:latest,0.2,0.9,350,42,2026-03-23T19:59:53+00:00
q30,How should organizations coordinate global solidarity and anti-imperialist struggles?,"Coordinating global solidarity and anti-imperialist struggles involves several steps that organizations can take:

1. Networking and Collaboration: Organizations should aim to network with like-minded groups from around the world, fostering collaboration on shared goals and objectives. This could involve sharing resources, knowledge, and strategies, as well as coordinating joint actions and campaigns.

2. Information Sharing: Regularly sharing information about ongoing struggles, successes, and challenges can help build a collective understanding of the issues at hand and facilitate solidarity across borders. This could be done through newsletters, websites, social media platforms, or international conferences.

3. Mutual Aid: Organizations should strive to provide mutual aid to those in need, regardless of geographical location. This could involve providing financial assistance, material resources, or expertise to support ongoing struggles against imperialism and oppression.

4. Capacity Building: Providing training and capacity building opportunities can help strengthen the abilities of organizations and activists working on anti-imperialist struggles. This could include workshops, seminars, and educational programs focused on topics such as organizing, advocacy, and human rights.

5. Solidarity Actions: Organizing solidarity actions, such as protests, boycotts, or fundraising events, can help raise awareness about specific struggles and put pressure on those in positions of power. These actions should be coordinated with the organizations directly involved in the struggle to ensure that they are effective and respectful of local contexts.

6. Policy Advocacy: Organizations should engage in policy advocacy at both the national and international levels, pushing",mistral:latest,0.2,0.9,350,42,2026-03-23T19:59:55+00:00
