qid,question,answer,model_name,temperature,top_p,max_new_tokens,seed,top_k,retriever_model,retrieved_doc_ids,retrieved_chunk_ids,retrieved_scores,timestamp_utc
q01,How should a revolutionary organization be structured?,"The context suggests that a revolutionary organization should consist mainly of people who are professionally engaged in revolutionary activity, with a focus on secrecy and professionalism to combat political police. It should be structured in such a way that it is difficult to wipe out, and the more secret functions should be concentrated in the hands of as small a number of professional revolutionaries as possible. The organization should also have a centralized leadership and be focused on preparing for battles and reducing the possibility of defeat. However, it's important to note that this organization should not replace other organizations designed for a broad public, such as workers' trade unions and self-education circles. The goal is to have both types of organizations, with clear boundaries between them, in order to increase the extent and quality of activity among a large number of other organizations intended for a broad public.",mistral:latest,0.2,0.9,350,42,5,sentence-transformers/all-mpnet-base-v2,ccom_29|ccom_29|ccom_29|ccom_32|ccom_29,ccom_29_0137|ccom_29_0123|ccom_29_0139|ccom_32_0108|ccom_29_0153,0.618381|0.613970|0.612979|0.593813|0.592608,2026-03-23T20:01:21+00:00
q02,What is the role of leadership in class conscious movements?,"The context provided discusses the role of leadership in class-conscious movements primarily within the context of Marxist theory, focusing on the working class, lumpenproletariat, and revolutionary organizations.

In class-conscious movements, leaders play a crucial role in helping people move from a naive understanding of reality to a higher level of critical thinking that enables them to perceive the causes of their situation (as mentioned in the first document). Leaders should not impose their thoughts on the people but rather work with them to develop a collective understanding and strategy for change.

The working class, according to the texts, has its own organizations and strategies for rebellion, which often focus on factories and picket lines (as discussed in documents 2, 3, and 4). The lumpenproletariat, however, finds itself in a peculiar position of being unable to find jobs or attend universities, leading them to manifest their rebellion in the streets (as mentioned in documents 2, 3, and 4). This group requires its own form of organization to represent its interests against all hostile classes.

The texts also emphasize that revolutionary organizations should have a program designed to produce an end to repression by taking over power (as discussed in document 3). The League of Revolutionary Black Workers, for example, organizes black workers and students because they understand the relationship between the economic system and the educational structure, and they see the point of production as the point of greatest vulnerability of such a system (as mentioned in document 3).

In summary, leadership plays a vital role in class-conscious movements by helping people develop critical thinking, organizing collective action",mistral:latest,0.2,0.9,350,42,5,sentence-transformers/all-mpnet-base-v2,ccom_08|ccom_50|ccom_50|ccom_42|ccom_50,ccom_08_0113|ccom_50_0406|ccom_50_0519|ccom_42_0011|ccom_50_0410,0.602267|0.589612|0.574786|0.571541|0.570106,2026-03-23T20:01:23+00:00
q03,How can responsibilities be distributed without creating hierarchy abuse?,"To distribute responsibilities without creating hierarchy abuse, it's essential to establish a flat organizational structure where all members have equal opportunities for growth and contribution. Here are some strategies that can help achieve this:

1. Clear roles and expectations: Clearly define each role's responsibilities, ensuring that everyone understands their tasks and how they contribute to the organization's goals. This helps prevent confusion and potential power struggles.

2. Collaborative decision-making: Encourage collaboration and consensus in decision-making processes. This empowers all members and fosters a sense of ownership over decisions, reducing the likelihood of hierarchy abuse.

3. Rotating responsibilities: Regularly rotate responsibilities among team members to ensure that everyone has an opportunity to lead and develop new skills. This helps prevent the accumulation of power in one person or group.

4. Flat organizational structure: Minimize layers of management, promoting a more horizontal structure where communication is direct and open. This reduces opportunities for hierarchy abuse by reducing the number of intermediaries between team members and decision-makers.

5. Regular feedback and evaluation: Provide regular feedback and opportunities for self-evaluation to ensure that everyone's performance is being assessed fairly and consistently. This helps prevent favoritism and ensures that all team members have equal opportunities for growth and advancement.

6. Empowering leadership: Encourage a leadership style that empowers team members, fostering an environment where everyone feels valued and heard. This helps reduce the potential for hierarchy abuse by promoting a culture of collaboration and mutual respect.

7. Transparency: Maintain transparency in decision-",mistral:latest,0.2,0.9,350,42,5,sentence-transformers/all-mpnet-base-v2,ccom_13|ccom_16|ccom_08|ccom_50|ccom_08,ccom_13_0024|ccom_16_0004|ccom_08_0123|ccom_50_0367|ccom_08_0125,0.418922|0.383174|0.379585|0.346885|0.341840,2026-03-23T20:01:26+00:00
q04,How should decision-making processes be organized?,"The context provided does not directly address the organization of decision-making processes, but it does provide some insights that can be useful in understanding the principles involved.

1. Actors in a network may play different roles such as providing, gathering, processing, distributing, and consuming information (source [1]). This suggests that a well-organized decision-making process should involve actors with diverse skills and responsibilities.

2. The process of cognition involves perception, concept formation, judgement, and inference (source [2]). In the context of decision-making, this implies that individuals should be able to perceive relevant information, form concepts or ideas based on that information, make judgements, and draw logical conclusions.

3. The organization structure can be centralized or decentralized (source [1]). Centralization may be beneficial for administrative discipline, but it should be avoided in underdeveloped countries as it might lead to overpopulation and over-development of the capital (source [4]). Decentralization allows life to be brought to regions that are not yet awakened to life.

4. In democratic confederalism, the higher institutions operate at the system of commune confederation to handle problems that a single commune cannot (source [5]). The smaller, local structures have more power because they directly solve problems and define discussions made in higher councils.

In summary, an effective decision-making process should involve actors with diverse skills, allow for perception, concept formation, judgement, and inference, be decentralized when appropriate, and allow for the participation of smaller, local structures that can directly solve problems and define discussions in higher coun",mistral:latest,0.2,0.9,350,42,5,sentence-transformers/all-mpnet-base-v2,ccom_13|ccom_45|ccom_41|ccom_50|ccom_14,ccom_13_0024|ccom_45_0004|ccom_41_0099|ccom_50_0367|ccom_14_0019,0.403807|0.347037|0.335779|0.333747|0.316624,2026-03-23T20:01:30+00:00
q05,How can a power-critical organizational structure be ensured?,"To ensure a power-critical organizational structure, it's important to focus on several key aspects based on the provided context:

1. **Analytical Roles in Information Circuit**: Identify and distinguish different ideal typical roles in the information circuit, such as providers, gatherers, processors, distributors, and consumers of information. This structure should allow for flexibility and adaptability to accommodate actors who may operate on multiple levels.

2. **Mass Line Approach**: Adopt a mass line approach, which emphasizes close relationships between leaders and the masses, sensitivity to mass wishes, demands, opinions, and consciousness, and the raising of consciousness to define and channel it into action. This approach aims to unite the relatively active, raise the level of intermediate elements, and win over the relatively backward.

3. **Organization**: Organize both leaders and the people in a way that promotes freedom, discipline, determination, and objectives without treating the people as things to be used. The organization should aim at liberation rather than domination.

4. **Leadership**: Establish strong leadership through Party organizations, which are considered the highest form of proletarian organization. This leadership should adhere to the principles of Mao's Thought and ensure a balance between Party leadership and mass activity.

5. **Avoid Division and Rule**: Oppressors often divide the oppressed to maintain their power. It is crucial to prevent any actions that could awaken the oppressed to the need for unity, as these concepts are indeed dangerous to the oppressors but necessary for actions of liberation.

6. **Focalized View of Problems**:",mistral:latest,0.2,0.9,350,42,5,sentence-transformers/all-mpnet-base-v2,ccom_13|ccom_16|ccom_08|ccom_16|ccom_08,ccom_13_0024|ccom_16_0004|ccom_08_0159|ccom_16_0016|ccom_08_0123,0.494417|0.462433|0.411035|0.405767|0.395594,2026-03-23T20:01:33+00:00
q06,What is the role of discipline in class conscious movements?,"In the provided context, discipline plays a crucial role in class-conscious movements. The text discusses the transformation of the working class over time, with many workers' children moving into professional roles such as teachers, engineers, and social workers. This transformation makes it challenging to identify a single bloc of workers as the traditional working class.

However, when it comes to class-conscious movements, discipline is essential for organizing, agitating, and mobilizing people towards a common goal. The text mentions that student circles, or revolutionary groups, establish contacts with workers and set to work, gradually expanding their propaganda and agitation. These groups often lack equipment and training but march to battle with a call to take the field against the enemy, suggesting a level of discipline and determination.

The context also highlights the importance of professional revolutionaries who can engage in ""pushing"" more forcibly than hitherto, emphasizing the need for organized and disciplined leadership within class-conscious movements. The text warns against demagogues, or leaders who mislead the crowd with bad instincts, underscoring the significance of discipline in avoiding such pitfalls.

In summary, while the working class may be dispersed and transformed, discipline remains vital for organizing, leading, and executing class-conscious movements effectively.",mistral:latest,0.2,0.9,350,42,5,sentence-transformers/all-mpnet-base-v2,ccom_50|ccom_29|ccom_42|ccom_43|ccom_29,ccom_50_0197|ccom_29_0112|ccom_42_0011|ccom_43_0014|ccom_29_0135,0.568143|0.560779|0.552408|0.549655|0.547551,2026-03-23T20:01:36+00:00
q07,How should revolutionary movements handle internal disagreements?,"According to the provided context, revolutionary movements should handle internal disagreements by providing leadership for the people, teaching them strategic methods of prolonged resistance, and engaging in dialogue with the people. It is emphasized that the primary job of the party is to awaken the people and teach them the correct strategic methods of resisting a power structure. The revolutionary process is seen as eminently educational in character, requiring openness to the people, communion with the people, and a dialogical quality that helps prevent the revolution from becoming institutionalized and stratified in a counter-revolutionary bureaucracy. It is also noted that the oppressed must participate in the revolutionary process with an increasingly critical awareness of their role as Subjects of the transformation to avoid becoming ambiguous beings, partly themselves and partly the oppressors housed within them. The context does not provide specific guidelines for resolving disagreements among the party members or leaders, but it emphasizes the importance of dialogue and a shared understanding of the strategic goals and methods of the revolution.",mistral:latest,0.2,0.9,350,42,5,sentence-transformers/all-mpnet-base-v2,ccom_50|ccom_08|ccom_08|ccom_50|ccom_32,ccom_50_0384|ccom_08_0119|ccom_08_0109|ccom_50_0270|ccom_32_0108,0.583322|0.561844|0.560412|0.552328|0.550613,2026-03-23T20:01:39+00:00
q08,How can organizations prevent opportunism or individualism?,"To prevent opportunism or individualism within organizations, it's essential to promote a culture of unity, collaboration, and collective action. Here are some strategies that can help achieve this goal:

1. Encourage open communication and transparency: Clear and honest communication among team members fosters trust and understanding, reducing the likelihood of opportunistic behavior.

2. Foster a sense of shared purpose: By emphasizing the common goals and values that unite the organization, individuals are less likely to act in their own self-interest at the expense of the collective good.

3. Implement democratic decision-making processes: Giving everyone a voice in decision-making helps ensure that all perspectives are considered and promotes a sense of ownership and commitment to the outcomes.

4. Encourage collaboration and teamwork: By emphasizing the importance of working together, individuals are less likely to prioritize their own interests over those of the organization.

5. Promote accountability and responsibility: Establishing clear expectations for individual and collective performance helps ensure that everyone understands their role in achieving the organization's goals and is held accountable for their actions.

6. Provide opportunities for growth and development: Offering training, mentoring, and career advancement opportunities can help individuals feel valued and invested in the organization, reducing the likelihood of opportunistic behavior.

7. Cultivate a culture of integrity: By setting high ethical standards and holding everyone accountable for adhering to them, organizations can create an environment where opportunism is less likely to thrive.

8. Encourage critical thinking and reflection: By promoting a culture of questioning and learning, individuals are",mistral:latest,0.2,0.9,350,42,5,sentence-transformers/all-mpnet-base-v2,ccom_08|ccom_08|ccom_50|ccom_08|ccom_50,ccom_08_0125|ccom_08_0127|ccom_50_0237|ccom_08_0159|ccom_50_0215,0.474588|0.443604|0.435641|0.431786|0.428375,2026-03-23T20:01:41+00:00
q09,What does accountability look like in a revolutionary organization?,"In a revolutionary organization, accountability looks like leaders organizing themselves with the people, rather than organizing themselves to dominate. Authentic organization involves daring and loving witness that serves the ends of organization, which is liberation. Leaders must not manipulate the people but work towards their conscientization (awareness of their role as Subjects of transformation). The revolutionary leaders should resist imitating the procedures of the oppressors and instead help the oppressed to throw out the oppressors and live with them, not within them. The organization must consist of people professionally engaged in revolutionary activity and who have been trained in the art of combating the political police. The centralization of the most secret functions in an organization of revolutionaries will increase the extent and quality of the activity of a large number of other organizations intended for a broad public.",mistral:latest,0.2,0.9,350,42,5,sentence-transformers/all-mpnet-base-v2,ccom_08|ccom_50|ccom_08|ccom_29|ccom_29,ccom_08_0159|ccom_50_0384|ccom_08_0109|ccom_29_0137|ccom_29_0139,0.589782|0.565982|0.558386|0.552103|0.550757,2026-03-23T20:01:45+00:00
q10,How should criticism and self-criticism be practiced?,"The context provided discusses the role of art and artists in society, particularly in relation to the Black community. It suggests that artists should interpret and transform societal issues such as hunger and poor housing into art that raises consciousness and promotes survival. Criticism in art is praised for helping in resistance for future liberation, while art that opposes liberation is condemned. The motive of an artist is important, but the effect of their work on the community should also be considered. Artists are encouraged to engage with the community, investigate its reality, and create art that corresponds to it. Critical thinking is emphasized as a necessary component of dialogue and pedagogy, which should aim to humanize people and transform reality. The text also mentions the importance of self-criticism, but does not provide specific guidelines for practicing it.",mistral:latest,0.2,0.9,350,42,5,sentence-transformers/all-mpnet-base-v2,ccom_32|ccom_08|ccom_08|ccom_08|ccom_32,ccom_32_0086|ccom_08_0075|ccom_08_0010|ccom_08_0009|ccom_32_0081,0.447682|0.440617|0.423440|0.394349|0.388605,2026-03-23T20:01:47+00:00
q11,How should a power-critical organization address internal sexism?,"To address internal sexism in a power-critical organization, it is essential to recognize and challenge the patriarchal structures that perpetuate gender inequality. Here are some steps that can be taken:

1. Acknowledge the existence of sexism within the organization and its impact on women. This involves creating an open and safe space for discussions about gender issues and encouraging all members, especially men, to acknowledge their biases and privileges.

2. Implement policies and practices that promote gender equality, such as equal pay, opportunities for advancement, and representation in leadership positions. This may require collecting data on the organization's current state of gender equity and setting specific goals for improvement.

3. Provide training and education on issues related to sexism, including unconscious bias, microaggressions, and power dynamics. This can help raise awareness and foster a more inclusive and equitable culture within the organization.

4. Encourage active participation and leadership from women, both in formal roles (e.g., committees, task forces) and informal settings (e.g., meetings, discussions). This can help ensure that women's perspectives and experiences are valued and integrated into decision-making processes.

5. Foster a culture of accountability by holding individuals responsible for their actions and words, particularly when they contribute to or perpetuate sexism. This may involve establishing clear guidelines for behavior and consequences for violations.

6. Collaborate with other organizations that are working on gender equality issues to learn from their experiences and best practices, and to build a broader movement for change.

7. Regularly assess the organization's progress in addressing internal sex",mistral:latest,0.2,0.9,350,42,5,sentence-transformers/all-mpnet-base-v2,ccom_40|ccom_37|ccom_37|ccom_37|ccom_50,ccom_40_0009|ccom_37_0016|ccom_37_0020|ccom_37_0005|ccom_50_0564,0.503974|0.463918|0.463121|0.458745|0.451457,2026-03-23T20:01:49+00:00
q12,How can organizations respond to cases of internal discrimination?,"The context provided does not directly address how organizations respond to cases of internal discrimination. However, it does provide some insights into historical instances of discrimination against black workers and women within labor movements in the United States. To answer the question, here are some general steps that organizations can take to address internal discrimination:

1. Establish clear anti-discrimination policies and procedures: Organizations should have written policies that prohibit discrimination based on race, gender, religion, sexual orientation, age, and other protected characteristics. These policies should be communicated to all employees and enforced consistently.

2. Provide diversity and inclusion training: Offering training programs that educate employees about unconscious biases, cultural competency, and the importance of inclusivity can help create a more diverse and inclusive workplace.

3. Foster open communication: Encourage employees to speak up when they experience or witness discrimination. Create safe spaces for discussions about diversity and inclusion, and ensure that concerns are addressed promptly and effectively.

4. Collect and analyze data: Regularly collect demographic data on your workforce and analyze it to identify any disparities in hiring, promotion, or other areas. Use this information to inform strategies for addressing internal discrimination.

5. Implement accountability measures: Hold managers and employees accountable for upholding the organization's anti-discrimination policies. This may include setting performance goals related to diversity and inclusion, providing ongoing training, and taking disciplinary action when necessary.

6. Collaborate with external resources: Partner with organizations that specialize in diversity and inclusion to gain insights, best practices, and support in addressing internal discrimination.",mistral:latest,0.2,0.9,350,42,5,sentence-transformers/all-mpnet-base-v2,ccom_50|ccom_50|ccom_50|ccom_50|ccom_33,ccom_50_0517|ccom_50_0528|ccom_50_0133|ccom_50_0137|ccom_33_0037,0.406212|0.391709|0.383386|0.376728|0.365475,2026-03-23T20:01:52+00:00
q13,How can class conscious movements avoid reproducing social hierarchies internally?,"To avoid reproducing social hierarchies internally within class conscious movements, the following strategies can be employed:

1. Promote democratic decision-making processes: Encourage active participation from all members of the movement to ensure that everyone has a voice in decision-making and policy creation. This helps prevent a small group or elite from dominating the movement and reinforcing existing social hierarchies.

2. Foster unity in diversification: Recognize and celebrate diversity within the movement, but also emphasize the importance of unity in working towards common goals. Encourage collaboration and cooperation among different groups to build a strong, cohesive movement that represents various perspectives and experiences.

3. Prioritize education and awareness-raising: Provide opportunities for members to learn about social hierarchies, power dynamics, and the history of class struggle. This can help foster a shared understanding of the issues at hand and encourage solidarity among members.

4. Implement transparent governance structures: Establish clear guidelines for decision-making, accountability, and transparency within the movement. This helps build trust among members and prevents the emergence of hidden agendas or power struggles.

5. Encourage self-criticism and collective responsibility: Foster a culture where members are encouraged to openly discuss their mistakes, learn from them, and work together to improve the movement as a whole. This can help prevent the reproduction of social hierarchies based on individual success or failure.

6. Empower marginalized groups: Ensure that the voices and needs of marginalized groups within the movement are heard and addressed. This can help prevent these groups from being overlooked or excluded, which",mistral:latest,0.2,0.9,350,42,5,sentence-transformers/all-mpnet-base-v2,ccom_50|ccom_50|ccom_24_1|ccom_08|ccom_43,ccom_50_0226|ccom_50_0410|ccom_24_1_0011|ccom_08_0125|ccom_43_0027,0.585196|0.578559|0.567070|0.561940|0.554995,2026-03-23T20:01:56+00:00
q14,How can informal power structures be identified and challenged?,"Informal power structures can be identified and challenged by understanding their methods and effects on the oppressed. Here are some steps to identify and challenge them based on the provided context:

1. Recognize the tactics of division and rule: Oppressors often divide the oppressed and keep them divided to maintain their own power. This is done through various means, including violence, cultural manipulation, and creating rifts among people.

2. Understand the importance of unity, organization, and struggle: These concepts are dangerous to the oppressors because they promote unity among the oppressed and facilitate actions of liberation. Encouraging these ideas can help challenge informal power structures.

3. Identify indirect rule systems: In some cases, the oppressors may manipulate selected leaders instead of promoting the community as a whole. This preserves a state of alienation and hinders the emergence of consciousness and critical intervention in a total reality.

4. Recognize class conflict: The elites call for harmony between those who buy and sell labor, but the antagonism between the two classes makes this ""harmony"" impossible. Acknowledging the existence of social classes and their struggle is essential to challenging informal power structures.

5. Promote authentic organization: Authentic organization means organizing oneself with the people, not just organizing oneself. This type of organization corresponds to its nature and objective if it constitutes the practice of freedom.

6. Encourage critical witness: Witness which has not borne fruit at a certain moment and under certain conditions is not thereby rendered incapable of bearing fruit tomorrow. Authentic witness, which involves",mistral:latest,0.2,0.9,350,42,5,sentence-transformers/all-mpnet-base-v2,ccom_08|ccom_35|ccom_08|ccom_08|ccom_13,ccom_08_0123|ccom_35_0326|ccom_08_0125|ccom_08_0159|ccom_13_0029,0.490632|0.470501|0.468887|0.466490|0.466317,2026-03-23T20:01:59+00:00
q15,What structures help ensure collective responsibility and shared power?,"The structures that help ensure collective responsibility and shared power, as suggested in the provided context, are those based on a model of community organization and self-representation, such as communes, quarter councils, city councils, and confederal councils. These structures aim to manage economic resources and solve problems collectively, with the higher institutions having less power than the smaller, local structures that directly address issues. This model is referred to as democratic confederalism, which emphasizes horizontally linking individuals through collectives to form a political will developed from multiplicities rather than singularities. It's important to note that this model is described in the context of Rojava, a region in Syria with a diverse cultural and religious background.",mistral:latest,0.2,0.9,350,42,5,sentence-transformers/all-mpnet-base-v2,ccom_13|ccom_08|ccom_08|ccom_14|ccom_14,ccom_13_0024|ccom_08_0123|ccom_08_0125|ccom_14_0013|ccom_14_0019,0.537060|0.529519|0.487788|0.487753|0.486747,2026-03-23T20:02:02+00:00
q16,What is the relationship between theory and practice in revolutionary work?,"In revolutionary work, theory and practice are closely related and interdependent. According to Mao Tse-tung's essay ""On Practice,"" Marxists view human knowledge as developing primarily from social practice, particularly through activity in production. This practical experience is essential for understanding the world, both natural and social. However, theory also plays a crucial role in guiding practice and helping to correct errors discovered during the process of changing reality. In other words, theory should be based on practice and serve practice, while practice verifies the truth of knowledge through its results. Revolutionary leaders must not only be able to correct their ideas when errors are discovered but also adapt to new changes in the situation as the objective process progresses. This relationship between theory and practice is essential for successful revolutionary work.",mistral:latest,0.2,0.9,350,42,5,sentence-transformers/all-mpnet-base-v2,ccom_45|ccom_45|ccom_45|ccom_45|ccom_45,ccom_45_0002|ccom_45_0012|ccom_45_0001|ccom_45_0013|ccom_45_0003,0.584847|0.583848|0.576521|0.575226|0.571183,2026-03-23T20:02:05+00:00
q17,How should political education be organized?,"Based on the provided context, political education should be organized in a way that engages the masses as active participants rather than passive recipients. The content of political education should reflect the present, existential, concrete situation of the people, addressing their aspirations, doubts, hopes, and fears. This requires a dialogical approach where educators and politicians understand the structural conditions in which the thought and language of the people are dialectically framed. The role of political parties in under-developed countries is to help instill consciousness among the masses, point out their real interests, and facilitate problem-posing education that empowers the people to bring about change. Additionally, youth in under-developed countries require specific attention due to their impressionability and sensibility, and the government's duty is to act as a filter and a stabilizer against harmful influences from Western culture.",mistral:latest,0.2,0.9,350,42,5,sentence-transformers/all-mpnet-base-v2,ccom_50|ccom_08|ccom_43|ccom_08|ccom_50,ccom_50_0363|ccom_08_0079|ccom_43_0027|ccom_08_0077|ccom_50_0375,0.560209|0.497083|0.468425|0.464775|0.459104,2026-03-23T20:02:07+00:00
q18,How can organizations avoid dogmatism?,"To avoid dogmatism, organizations can follow Mao's mass line approach as described in the context. This involves uniting theory and practice at all levels, gathering ideas from the masses, being sensitive to their wishes, demands, opinions, and consciousness, and avoiding both ""tailism"" (following mass demands irrespective of policy) and ""commandism"" (enforcing policy irrespective of mass consciousness). The goal is to have a relationship between leaders and led that allows for the definition and channeling of mass consciousness into action while maintaining Party leadership. Additionally, organizations should resist bureaucratism within their own ranks as it may lead to dogmatism and commandism.",mistral:latest,0.2,0.9,350,42,5,sentence-transformers/all-mpnet-base-v2,ccom_16|ccom_50|ccom_16|ccom_26|ccom_16,ccom_16_0004|ccom_50_0233|ccom_16_0003|ccom_26_0024|ccom_16_0016,0.455430|0.376549|0.359790|0.351650|0.351416,2026-03-23T20:02:09+00:00
q19,How should movements learn from past struggles?,"Movements should learn from past struggles by correcting their ideas, theories, plans or programs when errors are discovered, and by ensuring that new revolutionary tasks and working programs correspond to the changes in the situation. This is because movements are subject to numerous limitations, including existing scientific and technological conditions, the development of the objective process itself, and the degree to which this process has been manifested. In a rapidly changing revolutionary period, it is essential for revolutionaries to change their subjective knowledge along with the changed situation in order to lead the revolution to victory. Movements should also learn from past failures by correcting errors in knowledge and achieving correspondence with the laws of the objective process. This may require repeating failures many times before the anticipated results can be achieved in practice.",mistral:latest,0.2,0.9,350,42,5,sentence-transformers/all-mpnet-base-v2,ccom_45|ccom_35|ccom_50|ccom_08|ccom_50,ccom_45_0012|ccom_35_0356|ccom_50_0384|ccom_08_0052|ccom_50_0410,0.614424|0.581251|0.568314|0.564709|0.561128,2026-03-23T20:02:11+00:00
q20,What makes an organization truly class conscious?,"Based on the provided context, an organization becomes truly class conscious when it has a systematic ideology that helps them conduct concrete analyses of concrete conditions to gain a full understanding of the community and its needs. This organization should also have practical programs that can deliver their understandings to the people. Additionally, they should strive to put theory and practice together, aiming to mobilize the community towards a higher manifestation of freedom. The context suggests that class conflict is another characteristic of a truly class-conscious organization, as it recognizes the antagonism between the oppressed and the oppressors and seeks alliances with actual or potential allies to fight their common enemies. Lastly, unity and organization are crucial for the oppressed to change their weak position into a transforming force that can re-create the world and make it more human.",mistral:latest,0.2,0.9,350,42,5,sentence-transformers/all-mpnet-base-v2,ccom_50|ccom_08|ccom_50|ccom_08|ccom_42,ccom_50_0410|ccom_08_0125|ccom_50_0082|ccom_08_0127|ccom_42_0010,0.467683|0.465524|0.456057|0.454755|0.445742,2026-03-23T20:02:13+00:00
q21,How should revolutionaries relate to the broader working class?,"According to the provided context, revolutionaries should not push the working-class movement from outside but instead engage more actively in ""pushing"" or educating workers about political knowledge and revolutionary experience. The text emphasizes that demagogues are the worst enemies of the working class because they can mislead the unenlightened worker, arousing bad instincts in the crowd. The professional revolutionaries should help capable workers to become professional agitators, organizers, propagandists, and literature distributors, thereby developing their abilities to the utmost. The text also suggests that the proletariat, as the lowest stratum of society, cannot stir or raise itself up without the whole superincumbent strata of official society being sprung into the air, indicating a need for a collective effort between revolutionaries and the working class.",mistral:latest,0.2,0.9,350,42,5,sentence-transformers/all-mpnet-base-v2,ccom_29|ccom_24_1|ccom_35|ccom_08|ccom_29,ccom_29_0135|ccom_24_1_0011|ccom_35_0716|ccom_08_0113|ccom_29_0146,0.676564|0.663002|0.662011|0.658108|0.654521,2026-03-23T20:02:15+00:00
q22,How can organizations stay connected to everyday struggles?,"Organizations can stay connected to everyday struggles by approaching the entire community, not just its leaders, with totalized and totalizing cultural action. This approach encourages unity among the oppressed, fosters consciousness and critical intervention in a total reality, and promotes class conflict, which upsets the oppressors. Additionally, organizations can provide essential services to meet the needs of the community, such as health care, food services, education, and survival programs, that help raise the community's consciousness and serve as models for other oppressed communities. It is also crucial for these organizations to maintain a strong connection with the community, listen to their needs, and address those needs in a meaningful way.",mistral:latest,0.2,0.9,350,42,5,sentence-transformers/all-mpnet-base-v2,ccom_08|ccom_50|ccom_11|ccom_11|ccom_32,ccom_08_0125|ccom_50_0518|ccom_11_0027|ccom_11_0017|ccom_32_0005,0.490676|0.488235|0.476417|0.468758|0.464600,2026-03-23T20:02:17+00:00
q23,How should movements respond to spontaneous protests?,"The context suggests that movements should provide leadership, teach strategic methods of prolonged resistance, and show the people how to stage a revolution. They should avoid spontaneous protests without clear objectives, tactics, and defined enemies. Instead, they should organize themselves and learn to defend themselves with guns when unjustly attacked. Movements should aim to take over power, run everything in the city, and challenge the state's monopoly on legitimate use of violence. They should also disrupt state functioning by employing disruption as a tactic of influence and engage in foreign relationships with other revolutionary states.",mistral:latest,0.2,0.9,350,42,5,sentence-transformers/all-mpnet-base-v2,ccom_50|ccom_50|Seale - Seize The Time The Story of the Black Panther Party|ccom_50|ccom_11,ccom_50_0384|ccom_50_0695|Seale - Seize The Time The Story of the Black Panther Party_0267|ccom_50_0518|ccom_11_0015,0.593499|0.554997|0.539328|0.530530|0.525954,2026-03-23T20:02:19+00:00
q24,How can a movement grow without losing its political clarity?,"A movement can grow without losing its political clarity by developing a systematic ideology, engaging in concrete analyses of concrete conditions, and maintaining a balance between theory and practice. This approach allows the movement to gain a full understanding of the community and its needs, develop practical programs that are relevant to the people, and mobilize the community towards the goal of higher manifestations of freedom. It is also important for the movement to be adaptable and open-ended, allowing for the evolution of ideas and practices in response to changing circumstances. Additionally, avoiding extremes such as idealism, mechanical materialism, opportunism, and adventurism, which are characterized by a breach between the subjective and the objective, can help ensure that the movement remains grounded in social practice and continues to move forward towards its goals.",mistral:latest,0.2,0.9,350,42,5,sentence-transformers/all-mpnet-base-v2,ccom_50|ccom_45|ccom_29|Seale - Seize The Time The Story of the Black Panther Party|ccom_29,ccom_50_0410|ccom_45_0013|ccom_29_0172|Seale - Seize The Time The Story of the Black Panther Party_0427|ccom_29_0088,0.510622|0.499861|0.494710|0.488230|0.485391,2026-03-23T20:02:20+00:00
q25,What is the difference between activism and revolutionary organizing?,"The difference between activism and revolutionary organizing can be understood by looking at the context provided. Activism generally refers to efforts by individuals or groups to bring about political or social change through various forms of action, such as protests, petitions, and community service. It is often focused on specific issues or causes and may not necessarily aim for a complete overhaul of the existing system.

On the other hand, revolutionary organizing refers to a more comprehensive and systematic approach aimed at transforming the entire social, political, and economic structure. This involves not just action but also reflection, theory building, and coordination among various groups and individuals. Revolutionary organizing seeks to empower the oppressed and create a new order that addresses the root causes of their oppression.

In the provided context, revolutionary organizing is associated with praxis (reflection and action directed at transforming structures), while activism is not explicitly mentioned as a component of revolutionary organizing. However, activism can be part of a broader revolutionary movement, but it may not necessarily encompass the comprehensive transformation aimed for by revolutionary organizing.",mistral:latest,0.2,0.9,350,42,5,sentence-transformers/all-mpnet-base-v2,ccom_35|ccom_08|ccom_50|ccom_29|ccom_29,ccom_35_0356|ccom_08_0108|ccom_50_0270|ccom_29_0121|ccom_29_0123,0.554595|0.545809|0.543896|0.535030|0.533810,2026-03-23T20:02:22+00:00
q26,What are signs of increasing state repression?,"Signs of increasing state repression can include:

1. Divide and Rule: The government may attempt to divide the population, create and deepen rifts among them, and halt any action that could unify the people. This is often done by various means, including violence.

2. Emphasis on a focalized view of problems rather than seeing them as dimensions of a totality: The government may focus on addressing specific issues instead of addressing systemic problems as a whole.

3. Bureaucracy and the Nation-State: An ever-expanding civil and military bureaucracy may develop, which serves to protect the ideological basis and legal, economic, and religious structures of the state, often elevating the bureaucracy above the people.

4. Nation-State and Homogeneity: The government may aim at creating a single national culture, a single national identity, and a single unified religious community, enforcing a homogeneous citizenship. This can lead to the physical annihilation of minorities, cultures, or languages or forced assimilation.

5. Religiousness: The nation-state may use religion for its purposes, especially in societies where it still plays an important part. In some cases, religion may even take on the role of nationalism.",mistral:latest,0.2,0.9,350,42,5,sentence-transformers/all-mpnet-base-v2,ccom_08|ccom_40|ccom_50|ccom_11|ccom_40,ccom_08_0123|ccom_40_0010|ccom_50_0364|ccom_11_0015|ccom_40_0006,0.486101|0.480414|0.456345|0.455108|0.450767,2026-03-23T20:02:25+00:00
q27,How should organizations prepare for repression?,"Based on the provided context, organizations preparing for repression should focus on taking over power, organizing themselves with the people, and promoting unity among the oppressed. They should avoid being manipulated by dominant elites and instead work towards conscientization of the people. The context suggests that the primary way to prevent repression is for the oppressed classes to take control and run everything, starting from their city. Additionally, organizations should be cautious about loose talk, research programs, and rumor-mongering as these could potentially lead to information being gathered by the dominant elites to use against them.",mistral:latest,0.2,0.9,350,42,5,sentence-transformers/all-mpnet-base-v2,ccom_50|ccom_08|ccom_08|ccom_50|ccom_50,ccom_50_0518|ccom_08_0159|ccom_08_0123|ccom_50_0384|ccom_50_0502,0.621041|0.555318|0.531013|0.527376|0.515262,2026-03-23T20:02:27+00:00
q28,How should movements organize their material base?,"Based on the provided context, movements should organize their material base by creating a strong organization that is divided into functions, ensuring each function is carried out efficiently. This organization should also maintain good relations with the people they serve, such as peasants or workers, and ensure that collections (fundraising) are performed effectively. Additionally, there should be a focus on propaganda and agitation among the people involved in the movement, and the creation of ""military organizations"" affiliated with the party. The organization should also have a team dedicated to making trails for supply needs, and the civil organization of the insurrectional movement is important for both external and internal functions. Lastly, there should be a focus on consciousness-raising strategy among the people, promoting commitment and providing concrete, clearly defined activities.",mistral:latest,0.2,0.9,350,42,5,sentence-transformers/all-mpnet-base-v2,ccom_13|ccom_29|ccom_41|ccom_32|ccom_13,ccom_13_0030|ccom_29_0143|ccom_41_0074|ccom_32_0109|ccom_13_0033,0.508323|0.504815|0.478834|0.466404|0.461079,2026-03-23T20:02:29+00:00
q29,What role does social reproduction play in class struggle?,"In the provided context, social reproduction plays a significant role in class struggle by shaping and reinforcing the class structure and maintaining the dominant position of the ruling class. The process of social reproduction includes various activities that sustain the daily life of society, such as education, family, culture, and labor.

In contemporary society, the capitalist class owns property and dominates the working class, which does not own property. The contradiction between these two classes leads to constant struggle, with the working class striving to improve its conditions through economic struggles and trade union movements (as described in Marx's ""The Poverty of Philosophy"" and Lenin's ""Karl Marx: V: Tactics of the Class Struggle of the Proletariat"").

Social reproduction plays a crucial role in this struggle by shaping the consciousness, strength, and militancy of the working class. For instance, education can either perpetuate or challenge the existing class structure, depending on whether it serves the interests of the ruling class or the working class. Similarly, family structures and cultural norms can reinforce or undermine class divisions.

In addition, social reproduction is essential for the continuation of the capitalist system itself. The ruling class relies on the working class to reproduce labor power through their families, ensuring a constant supply of workers to maintain production and profit. However, the struggle for better living conditions, wages, and rights can disrupt this process, threatening the stability of the capitalist system.

Overall, social reproduction is an essential aspect of class struggle as it shapes the consciousness, strength, and organization of the working class, while also providing the labor power necessary",mistral:latest,0.2,0.9,350,42,5,sentence-transformers/all-mpnet-base-v2,ccom_43|ccom_23_3|ccom_08|ccom_50|ccom_42,ccom_43_0014|ccom_23_3_0002|ccom_08_0126|ccom_50_0197|ccom_42_0012,0.563002|0.553418|0.546809|0.542084|0.536139,2026-03-23T20:02:31+00:00
q30,How should organizations coordinate global solidarity and anti-imperialist struggles?,"The context suggests that organizations should coordinate global solidarity and anti-imperialist struggles by forming a united front against U.S. imperialism. This united front should be led by the proletariat, aiming to unite all who can be united against the monopolies. The central role of the fight against white supremacy is emphasized in building this united front. Additionally, the fight against anti-communism and the exposure and defeat of bourgeois nationalists are key principles. The ultimate goal is to seize state power, institute the dictatorship of the proletariat, and build socialism.",mistral:latest,0.2,0.9,350,42,5,sentence-transformers/all-mpnet-base-v2,ccom_50|ccom_50|rutgers-lib-67813_PDF-1|ccom_43|rutgers-lib-67813_PDF-1,ccom_50_0485|ccom_50_0507|rutgers-lib-67813_PDF-1_0057|ccom_43_0002|rutgers-lib-67813_PDF-1_0059,0.585527|0.565837|0.558214|0.557396|0.549468,2026-03-23T20:02:34+00:00
